case,duration_s,command_feasible_ratio,attitude_reconstruction_error_max_deg,base_yaw_rate_max_rad_s,yaw_command_min_deg,yaw_command_max_deg,roll_command_min_deg,roll_command_max_deg,pitch_command_min_deg,pitch_command_max_deg,yaw_rate_p95_deg_s,roll_rate_p95_deg_s,pitch_rate_p95_deg_s,yaw_rate_max_deg_s,roll_rate_max_deg_s,pitch_rate_max_deg_s,command_envelope_feasible,attitude_reconstruction_exact,base_yaw_rate_bounded,hard_command_rate_bounded,filming_command_rate_p95_bounded,passed
1,25.12368904166667,1.0,0.0,0.25000000000000056,-95.65910122801756,-1.7988728225704536,-5.624826772860506,-2.5732568664616218,5.186480968275856,8.56336309298892,18.39821047526828,0.9479433195460432,0.9754326765941325,18.411084027035535,1.0652563820414966,1.0139730296040728,True,True,True,True,True,True
2,13.757301791666666,1.0,0.0,0.25,-2.2166121087566815,15.941803373550854,-1.4246922446226347,1.666410727654591,-1.084029510288246,-0.49473663283363906,13.927178028946757,2.371651965920625,0.24750817965148883,14.103270031675066,2.495002176937145,0.6963868658685873,True,True,True,True,True,True
3,7.789087791666667,1.0,0.0,0.2500000000000003,-4.115185579895474,10.89723678616197,-1.612247092081466,-0.40061690924990506,4.088017058367656,4.430477776043505,14.345455453469025,1.353154768000131,0.27161050633996,14.351243638281314,1.3633896467351985,0.38211012720623677,True,True,True,True,True,True
4,22.291202374999997,1.0,0.0,0.2500000000000022,-150.96939496377874,7.652225820785027,-3.441038217559428,1.6008094705894587,7.6541444295034085,14.697384599842321,14.35238521678008,1.1941872459399157,0.7807264830261714,14.38579995882343,1.4804712605795394,0.7881651514453316,True,True,True,True,True,True
5,23.27137133333333,1.0,0.0,0.2500000000000011,-150.97964574473437,7.655816570603495,-3.441459426875661,1.6264959920642235,7.654254886136041,14.698842845968555,14.349512181967778,1.1639339479530293,0.786628516044125,14.381949464256358,1.4768581779995085,0.795101039428298,True,True,True,True,True,True
6,12.3152785,1.0,0.0,0.25,-16.419563773281027,19.99540638056693,-3.7697694389340746,-3.3344793284164655,8.316569441383912,9.63572142002616,14.34729314228805,0.1593491667620844,0.5317996350508554,14.351800143194646,0.3264393193840204,0.9383032273351487,True,True,True,True,True,True
7,17.247189249999998,1.0,0.0,0.2500000000000003,-8.836849711764524,28.708721918142615,-3.837639724895388,-1.6066682791574314,11.127001569843829,11.929945891983895,15.062830489771326,0.9073869423284434,0.4708973539286061,15.066637202588403,0.9512976961684823,0.6621335184737942,True,True,True,True,True,True
8,18.028425458333334,1.0,0.0,0.25,-8.844273590800151,29.4229708646863,-3.8376500758015726,-1.6063373551797253,11.126683636856072,11.929256372039001,15.030214173071908,0.8966222879862487,0.45426064926120624,15.033660851309861,0.9334702727641065,1.0564852003947038,True,True,True,True,True,True
9,13.382477083333333,1.0,0.0,0.25000000000000056,-5.16131137473554,25.211149214000788,-3.8376413499856046,-1.7363326455454984,11.11730626218734,11.922635666337342,15.277975443401898,0.9760220382192152,0.5805312987336482,15.2827628870041,1.0160425555401194,0.9359356945527418,True,True,True,True,True,True
10,8.746370875,1.0,0.0,0.25,-4.814402550406597,12.693902910673375,-0.10570729384782397,0.9627157460949257,4.690224586700542,5.332085828201991,14.29827963438968,1.0759307397002156,0.5867087102738858,15.482219366124765,1.143838822224367,0.7056376321273483,True,True,True,True,True,True
11,8.585959875,1.0,0.0,0.25000000000000056,-12.143650823703448,5.853577369185596,-1.8817067579323512,1.5364389349446768,-2.1534106009644307,-1.2463187969738194,14.045385220229308,2.7977208330185652,0.5076648967370985,15.227829264816943,2.984550137078288,0.7298629934786124,True,True,True,True,True,True
12,20.305637750000002,1.0,0.0,0.2500000000000011,-12.922129841443683,23.5199400801868,-1.3835346321283042,2.5427680505491645,3.2716218192873705,6.106367871526028,14.542540095069633,1.1785527250684638,0.7800446016894831,15.518130735229942,1.3979625265790492,1.1524694497961667,True,True,True,True,True,True
13,12.890654625,1.0,0.0,0.25000000000000056,-58.51995920453199,13.622475118383388,-2.781681396506214,-0.05410213099902771,9.476209654089832,12.001478541780967,14.971619369457903,0.7823754703852602,0.5095739275637585,14.974587439295146,0.8878202380854533,0.5626797120567884,True,True,True,True,True,True
14,7.1692422916666665,1.0,0.0,0.2500000000000011,-29.95770790278867,10.22213584999604,-1.942056423535797,-0.30331488036418397,11.504951091320608,12.618058441190161,15.980629895649411,1.3983828717654256,0.38313876037299577,15.98432780266064,1.500454600950448,0.45166460206120723,True,True,True,True,True,True
15,6.923560625,1.0,0.0,0.25,-6.044137265902412,78.32800308278989,-2.795828904090819,-1.8076833770907237,7.141658775255113,9.516801442091626,14.582017050018912,0.8713919791355033,0.7295517580879701,14.5836286652921,0.8999147355870369,0.7452369548048784,True,True,True,True,True,True
16,11.442305874999999,1.0,0.0,0.25000000000000444,-112.25262330734,21.8006819742164,-2.6063422656543964,2.788491527162109,6.840614201811734,14.237994903556903,14.847267567204666,1.2613525024831762,1.1739558629954403,14.84767020471796,1.311305054557509,1.190313101086787,True,True,True,True,True,True
17,11.035999791666669,1.0,0.0,0.2500000000000022,-50.09302991390355,1.2937365526289808,-3.5184398374635664,-1.4443231456112198,10.64959006231875,11.388466841524062,16.104673471583126,0.9540704719677949,0.4523905092764964,16.107851666426054,1.212835132195654,0.6090629108058203,True,True,True,True,True,True
18,7.493259041666667,1.0,0.0,0.25,-71.1537634760803,5.0204778171511455,0.6360733676791741,5.054203857073886,8.753793531545565,16.016788139876265,14.326823102245958,1.5052252979824126,1.6585857508681292,14.4093576543614,1.7118408744589988,1.6631713141587787,True,True,True,True,True,True
19,16.335658041666665,1.0,0.0,0.2500000000000011,-18.61454134180718,93.02837562921542,-5.927058007697574,10.08040615227955,-2.937969091836876,8.87446749286397,15.13059703108023,3.0015853531794656,2.9423779353779325,15.16055600079509,3.021990771990796,3.0137401617718207,True,True,True,True,True,True
20,50.83595604166666,1.0,0.0,0.2500000000000003,-1.0636457209310275,29.08504844148756,-1.1748573592374405,5.251113372046965,-4.083626151340679,7.668826639514152,2.8187426775144337,0.16820625366441466,0.36971588426424185,14.421483897472653,3.2684527429824075,1.80603463425756,True,True,True,True,True,True
21,19.039222791666667,1.0,0.0,0.2500000000000001,7.186028127056838,69.10783691189638,2.0568142619843086,26.20081553014889,-20.999018882507574,-1.2629246292206922,15.286511344385401,6.8441898357887645,6.766135092240202,15.734866360298593,7.183337603888856,7.479544021268768,True,True,True,True,True,True
24,7.532802833333333,1.0,0.0,0.2500000000000022,-47.148224224082576,-39.11631747229778,17.900782447009615,75.01809549496247,-78.9357234486973,-71.32170036140907,4.878460646903827,14.938574313957067,5.15769285692193,8.766927117634502,15.048691126330475,8.867523478642523,True,True,True,True,True,True
25,11.426997458333332,1.0,0.0,0.2500000000000022,-29.177043418770282,106.16385880112759,-3.121311548147178,0.39041491352746194,5.509904671629114,10.128209126991823,15.845670429084414,1.0525042394235287,0.7425107395380024,15.846455860730625,1.138002764784856,0.746152680932578,True,True,True,True,True,True
27,29.539172916666665,1.0,0.0,0.25000000000000056,-19.502392010046734,56.27458343405745,-21.158717654597552,6.996094569880984,-18.870662522389647,5.40609827759217,14.18996841059099,6.908292809499231,3.9985160151911265,14.860686315549987,8.000515908490069,5.929305324901172,True,True,True,True,True,True
28,37.193848625,1.0,0.0,0.2500000000000003,1.3712352286813265,37.82255989136768,-0.2577185966891759,2.5420838214829753,3.2755288552980537,5.217492883013532,14.32699292642642,1.2845875427378382,0.7597807919851249,14.741034861174693,1.4761421251701459,1.0935699998042265,True,True,True,True,True,True
29,8.3244225,1.0,0.0,0.25,-2.7614764436063557,17.599649113603128,-2.762243831238012,3.2141195092642767,-4.32088420884568,-1.4416450646378318,13.831640357962534,3.416285284973944,0.7418931521900931,13.942210429864437,3.4642163024299704,1.3254137903997885,True,True,True,True,True,True
30,15.267422416666667,1.0,0.0,0.2500000000000003,-2.1933823998756132,22.86583459967787,-1.0901580223967253,4.126584630061459,-3.6278347195136478,-0.05735981691507139,13.968206035749171,3.07752645880805,0.895187360058017,14.035663655353407,3.1622537440947593,1.3420878983976032,True,True,True,True,True,True
31,14.640981,1.0,0.0,0.25000000000000056,1.0785784748334812,22.866451368458936,-0.3504999110858088,4.127153158491047,-3.5722872809825965,-0.05735220720227713,13.97236677335889,3.032526268903222,0.8926531562730764,14.03268220613686,3.1476107148952144,1.5924312595317642,True,True,True,True,True,True
32,8.289792083333333,1.0,0.0,0.2500000000000004,-2.0225356143490894,17.685444965133104,-0.872726796702994,2.070044322848075,-0.7721994814046019,1.1830969574421246,14.265156867015369,2.4374812946990576,0.8895545343578327,14.302696747529135,2.570970665071855,1.1793011927388457,True,True,True,True,True,True
33,36.976044333333334,1.0,0.0,0.25000000000000056,-159.1019170296101,34.999345256973534,-23.36565030389808,11.312100662099088,-14.264619466439465,28.250354687647103,15.454695536740887,5.536245795907733,5.560317285083764,15.592748130937153,5.784214768395843,5.76906466548306,True,True,True,True,True,True
34,14.628629166666666,1.0,0.0,0.2500000000000003,-6.307248672474217,16.577263598449075,-3.883363475423159,1.2451018051801943,-4.473286339271131,-1.6679928318047108,13.94903923681078,3.3246998671900685,0.39579468449576727,13.971694622313612,3.364320181619412,0.8101104195318127,True,True,True,True,True,True
35,10.819482875,1.0,0.0,0.25,-89.56712422960689,3.907060010134014,-6.148380777066802,-0.46452537186797377,3.4695943594196277,8.008995369979091,14.250604879144376,1.35637229997231,1.1105680836364538,14.253037999002547,1.393123402257933,1.114664320007746,True,True,True,True,True,True
36,16.142234541666667,1.0,0.0,0.2500000000000011,-39.3026205946005,-3.3949452420969553,-3.5054100886373427,-2.3478422120953373,7.192245266391315,8.269874190701008,14.829314807711809,0.4307998113104737,0.44185506322113066,15.56123990548005,0.4840763821586601,0.551633167742779,True,True,True,True,True,True
37,9.279348416666668,1.0,0.0,0.2500000000000022,-43.8308091822393,-1.790769981794072,-2.5434150276558256,-1.6239355756244584,8.01763529885939,9.031502114661176,16.582303723520198,0.27824270108253674,0.3351619283779832,16.58273696990904,0.2944280934907848,0.3525609410098613,True,True,True,True,True,True
38,25.200210333333334,1.0,0.0,0.25000000000000444,26.776004896328676,171.4529917333366,-36.78808228795199,37.46156371567827,-30.331206286203084,6.760713679814945,17.55839911412631,8.987725630926743,10.887428845698658,18.05654177233843,9.043580634018893,11.38160604678458,True,True,True,True,True,True
39,23.006836958333334,1.0,0.0,0.25000000000000444,-179.59170326166984,179.50414649257573,-20.179078511102514,37.62778308916259,-29.769111585983538,30.71144781721151,17.87582319074003,8.8541463823964,11.240341983044354,18.115913464736675,8.988900894989342,11.456803382212136,True,True,True,True,True,True
41,8.958201166666667,1.0,0.0,0.25000000000000056,-12.374936608671081,15.674218814113807,15.745012294774135,44.571608238647116,2.496339423848059,20.393011230040212,20.683918914428332,7.103666785575356,14.677544582479996,20.942296621332193,7.7427807000522195,15.168210689236819,True,True,True,True,True,True
42,16.204934625,1.0,0.0,0.25000000000000056,-3.0893367059009464,17.558802639314937,-1.2187346730654776,11.86406367308576,4.439887421969667,8.827177708911693,14.272616268975716,1.1870693931893275,0.690466868107595,14.516587797604956,2.2023302306097077,1.1596456715740209,True,True,True,True,True,True
43,7.511265333333334,1.0,0.0,0.25000000000000056,-2.094521294317902,44.27529663257747,-1.9733938184462698,1.7416511882885397,9.742645872815894,10.60377496593527,14.374129890738034,1.551762490901303,0.5090895064899897,14.641138309821516,1.6126629901612566,0.6157553265622946,True,True,True,True,True,True
44,13.516440708333334,1.0,0.0,0.25000000000000056,-27.265712926471416,24.574073490472202,26.233107519307957,38.19260349779185,-9.056221370959923,23.191706414757814,18.44783208420778,4.0682403199985595,11.926083830611688,18.545067726872308,4.7820451645481095,11.988697110221691,True,True,True,True,True,True
45,11.943113541666667,1.0,0.0,0.2500000000000011,-32.836133778857516,2.736077040871738,-5.30934883765502,-0.06075080185778046,-3.0421300672373603,-0.5977894063765792,16.674321214225262,2.989294345733766,1.0343262207437007,16.727247725294227,3.4255537970787557,1.1977143063059597,True,True,True,True,True,True
46,15.692745666666667,1.0,0.0,0.2500000000000011,-21.155731986525666,13.254491177565107,0.43515559915178464,1.6829919988642073,6.937048091082034,9.205504339697285,14.46880338316137,0.37557210784934675,0.5758701381050276,14.469749576859808,0.5892049242308426,0.8668608882026798,True,True,True,True,True,True
47,16.529864125,1.0,0.0,0.25000000000000056,-21.192429044178155,13.26116595331234,0.45077014171700686,1.6827660425912332,6.936705455303341,9.34966082091605,14.460927197737888,0.3709452722793217,0.5753453474899154,14.462027509167452,0.584647200093717,0.8526463620505503,True,True,True,True,True,True
48,28.168623583333332,1.0,0.0,0.2500000000000022,-85.02658754233758,18.669634203287643,-4.299444082464941,-0.8896709654381005,9.206226891862453,11.608829060888736,14.397669626123548,0.6650566518951269,0.6435105943007576,14.481122587215273,0.7150889391908649,0.676613730432764,True,True,True,True,True,True
49,52.14104541666667,1.0,0.0,0.2500000000000022,-179.40770394204017,179.88854388756678,-5.5359633104987145,10.28141862207177,-2.2390776894040902,20.30501116537209,14.667390506764534,2.6819955364351284,3.0241619856193913,14.748808791369727,3.1036978591913393,3.1320493731321175,True,True,True,True,True,True
50,38.017315125,1.0,0.0,0.25000000000000056,-179.64593625774344,179.6503829546724,-5.542383340148422,10.200094855429525,-2.2870668872415267,20.186063725453288,14.779171468228862,2.735158181572087,3.062638370342331,14.818558828497036,3.2061154334245283,3.1646881644891813,True,True,True,True,True,True
51,18.155214791666666,1.0,0.0,0.25000000000000444,-160.3991152233129,-2.5141725268533923,-1.894013256473479,-0.8102419906745405,8.563083049111459,9.962679966458854,14.40355974531273,0.3668549479302878,0.2609884980492787,14.406620514274065,0.3732121334106601,0.27005675931618733,True,True,True,True,True,True
57,11.484063166666667,1.0,0.0,0.2500000000000011,-23.11324525077744,2.2757737285573647,-1.3117657385411978,-0.1798407906324146,6.223545426529342,7.267724101502579,15.128803039680472,0.7342664445485905,0.3677584356679188,15.131696710845326,0.928541226556353,0.4500750706595164,True,True,True,True,True,True
60,8.918185333333334,1.0,0.0,0.2500000000000011,-34.08772087206006,20.79216243415695,-3.22181851810184,0.8997694114487262,4.515826909933106,5.394519793668901,15.382819769143689,1.2095402722819686,0.5631863086186449,15.387391817423286,1.223827124184494,0.676062783435315,True,True,True,True,True,True
61,8.925777833333333,1.0,0.0,0.25000000000000444,-108.02408887659388,-0.49594461113965527,-0.7904773016884786,5.84536762068328,5.899800069718229,17.86587948388053,14.193934928575832,2.1335065331974237,1.9252054245417798,14.21767642433668,2.1718220300113087,1.928951491123552,True,True,True,True,True,True
62,5.98237425,1.0,0.0,0.2500000000000022,-73.88290938867918,-0.43457907718253197,-2.354530018712913,-0.2767408003108813,7.143776057146068,7.5585610562261465,14.637543315917442,0.5048395757311508,0.33506623449490974,14.638199565326596,0.591254451277528,0.3892847911553531,True,True,True,True,True,True
63,8.092826958333333,1.0,0.0,0.25,-41.46834208064298,26.15460262051861,-1.5076352122232184,0.09200471248102086,7.069465675027,8.73017195052531,15.327700939519014,0.5584893762536117,0.5037715499897185,15.328520626101064,0.5724361382960578,0.5121957261173684,True,True,True,True,True,True
66,8.115316208333333,1.0,0.0,0.25000000000000056,-2.848997136222223,12.086683366946819,-3.1471508534303605,-2.320460728299398,7.8964921973511695,8.185663134974352,14.007130923495383,0.9866897339695754,0.3674708643536658,14.3373029507252,1.0985113540207496,0.5005313231198637,True,True,True,True,True,True
67,11.455831458333334,1.0,0.0,0.25000000000000056,-2.9342020260878496,12.724985710284086,-3.1486382779603437,-2.285697364850835,7.8962010877403035,8.14769412320816,13.958839826540123,0.7761257669846656,0.15674259542516464,14.337333538260182,0.8794539530886284,0.40679943335552965,True,True,True,True,True,True
70,17.703737833333335,1.0,0.0,0.25000000000000056,-82.01212784302847,18.591511963618686,-11.094705184666212,2.5394532619612287,-1.4971416312584007,7.131255810873252,16.315929459680994,2.5738217545580566,2.422351601019295,16.47762767577401,2.95139104917733,2.615613722783448,True,True,True,True,True,True
71,7.6186365,1.0,0.0,0.25000000000000056,-2.9593289961421987,9.174366830668367,-2.7438771955638668,-2.2329087295312813,5.3885208799329,6.953309076697355,14.75277739164153,0.6186675222856836,0.2899796331165745,14.768911538078436,0.647072402394878,0.36727600197605786,True,True,True,True,True,True
73,7.918541875,1.0,0.0,0.2500000000000001,-2.5235900979997217,56.52465383795064,-0.5305781466878059,21.398662135998414,-21.960776407874114,-2.221128668911634,20.612727878032562,7.158670677709252,9.336837127558857,20.971281545852968,7.3826162714490255,9.754467737759283,True,True,True,True,True,True
74,32.96528270833333,1.0,0.0,0.2500000000000022,-33.89083709005771,20.713815029633356,-19.77802182437488,28.1780354531052,-33.79668606192901,-15.771152989423273,12.816807616822585,10.057774678144163,4.050411699805856,13.338450452842656,10.265649350693439,7.229261504471965,True,True,True,True,True,True
75,32.799972958333335,1.0,0.0,0.25,-32.76154301636644,131.1160675435571,-14.362285985194317,41.13771858430873,-33.54058796061885,41.21212395271577,18.254990418364432,9.077582732169736,11.897433796100579,18.72140192676132,9.790073513453294,12.535668043595402,True,True,True,True,True,True
76,32.97840420833334,1.0,0.0,0.2500000000000022,-33.89083709005771,20.71381502962178,-19.77802182437488,28.178035453098097,-33.79715605772528,-15.771152989423273,12.816810382908326,10.057583130722117,4.050026741742237,13.3401051984899,10.265571108961414,7.2289998972246385,True,True,True,True,True,True
78,7.91202225,1.0,0.0,0.2500000000000022,-72.7558352746469,-1.4545522487408395,-4.01645929514864,-0.3327644077417595,6.852755883508515,8.348810887625,14.784062238384509,0.9148347745030121,0.5732296221485538,14.791517042285461,1.0203799911618363,0.6195422126950916,True,True,True,True,True,True
79,17.436073833333335,1.0,0.0,0.25000000000000056,-50.336061558829776,17.188556156484086,-5.307793565918602,1.5432823461685627,1.8468377034903873,3.32541460805587,15.23235358811874,1.7381049811938465,0.7489411269687911,15.26327910903468,1.8151458421567304,1.4718057647598277,True,True,True,True,True,True
