case,planning_strategy,vertical_shift_m,position_error_max_m,position_error_p95_m,attitude_error_max_deg,attitude_error_p95_deg,attitude_ik_converged_ratio,maximum_abs_base_linear_velocity_mps,maximum_abs_base_lateral_velocity_mps,maximum_abs_base_yaw_rate_radps,maximum_abs_riser_rate_mps,maximum_abs_gimbal_rate_radps,minimum_riser_position_m,maximum_riser_position_m,maximum_abs_raw_proxy_target_rate_radps,maximum_abs_raw_proxy_target_step_rad,position_p95_bounded,position_max_bounded,attitude_p95_bounded,attitude_max_bounded,attitude_adapter_converged,base_linear_velocity_bounded,base_lateral_velocity_bounded,base_yaw_rate_bounded,riser_rate_bounded,proxy_joint_rate_bounded,raw_proxy_target_rate_bounded,riser_lower_bound,riser_upper_bound,passed
1,joint_adaptive,0.0,7.304498377875598e-07,6.343845671008317e-07,1.2839257278081873e-07,1.2839251556525051e-07,1.0,0.0286937474806509,1.3754218140538586e-14,0.20220662946867116,0.011676432967818574,0.27248276441189956,0.7355575690063545,0.7563278915499048,0.27248276441189956,0.013636996498602283,True,True,True,True,True,True,True,True,True,True,True,True,True,True
2,fixed_path,0.0,0.025461083878933033,0.025318850762757136,1.283932809879079e-07,1.2839324681632151e-07,1.0,0.06690305612792385,4.062624707157588e-09,0.25,0.004413601462243491,0.24614849735057487,0.7487070217049578,0.7617692335210218,0.24614849735057764,0.012313960594971501,True,True,True,True,True,True,True,True,True,True,True,True,True,True
3,fixed_path,0.0,0.020451092633527415,0.01940895798561417,1.2839314713005863e-07,1.2839308865947768e-07,1.0,0.08667157639930509,1.7528669067184276e-12,0.2500000000000003,0.0025126437469835173,0.25047645324389906,0.7457616422652602,0.7478732231024992,0.2504764532438986,0.012586987639109794,True,True,True,True,True,True,True,True,True,True,True,True,True,True
4,joint_adaptive,0.15247871911790978,0.010437657440601716,0.010267678353331207,1.2839291062735802e-07,1.2839288688583832e-07,1.0,0.009136634283968652,4.4813826071973056e-15,0.14231593092226022,0.008982372189177974,0.14180745738937464,0.0,0.09114130426345429,0.14180745738937464,0.007103502766181435,True,True,True,True,True,True,True,True,True,True,True,True,True,True
5,joint_adaptive,0.10247831765826487,0.010487252783673266,0.010309172404193063,1.2839293973225945e-07,1.283929021132095e-07,1.0,0.00873001728940338,3.987283097728804e-15,0.14453327771607535,0.008587241754189392,0.1440236657931688,0.0,0.09113582841764226,0.1440236657931688,0.0072078025966897386,True,True,True,True,True,True,True,True,True,True,True,True,True,True
6,joint_adaptive,0.112270607317559,0.009119581576648146,0.008778680049863936,1.2839285971626305e-07,1.2839283811954086e-07,1.0,0.03465217981113571,1.1835628066939677e-15,0.4,0.011688943527081636,0.4002870744834307,7.734534656659139e-31,0.056366357423120406,0.4002870744834307,0.02003921464314473,True,True,True,True,True,True,True,True,True,True,True,True,True,True
7,joint_adaptive,0.14922991779172917,0.009073290328512673,0.003859129217764945,1.2839292420518936e-07,1.2839252990286376e-07,1.0,0.0444006570560044,6.184668411278303e-15,0.4000000000000018,0.016624418342441247,0.3995907591697785,0.0,0.06586338321201436,0.3995907591697785,0.02003435304055934,True,True,True,True,True,True,True,True,True,True,True,True,True,True
8,joint_adaptive,0.16926611381564644,0.009076464018317187,0.002096105578499618,1.2839292230924936e-07,1.2839252026191586e-07,1.0,0.0424696186785883,6.027319401038408e-15,0.4000000000000009,0.01595535581434665,0.3995954233333093,0.0,0.06590193028094364,0.3995954233333093,0.020011323064043296,True,True,True,True,True,True,True,True,True,True,True,True,True,True
9,joint_adaptive,0.09900393572831034,0.022090981137283288,0.01773481528623941,1.2839294939035246e-07,1.2839256760847059e-07,1.0,0.05741290583277958,3.570265841692035e-15,0.4000000000000035,0.0212958557344979,0.3995198455370121,0.0,0.06565350682813072,0.3995198455370121,0.02002458867878598,True,True,True,True,True,True,True,True,True,True,True,True,True,True
10,fixed_path,0.0,0.029712732567031618,0.02846609611217842,1.283934311348094e-07,1.2839339053414124e-07,1.0,0.10005581299378367,4.189769417917253e-11,0.25,0.005161776367222177,0.2702157034549066,0.7461655109903829,0.7498402285852038,0.2702157034549063,0.013582797463595572,True,True,True,True,True,True,True,True,True,True,True,True,True,True
11,fixed_path,0.0,0.017607249640949108,0.01467372200972357,1.2839263706658074e-07,1.2839262241703893e-07,1.0,0.0998024244975381,2.0009049715780517e-12,0.25000000000000056,0.007733608682048436,0.26577575860260316,0.7465224112119226,0.7604665925735867,0.2657757586026015,0.013344678357366219,True,True,True,True,True,True,True,True,True,True,True,True,True,True
12,fixed_path,0.0,0.05005468635081579,0.04997726913898059,1.2839408761866696e-07,1.283940738177911e-07,1.0,0.06386687722469213,2.9641537548318687e-12,0.2500000000000011,0.010625786809853629,0.2708424750846909,0.34748971394058165,0.39306373153631097,0.27084247508468673,0.01354588469552477,True,True,True,True,True,True,True,True,True,True,True,True,True,True
13,joint_adaptive,0.0,7.827500862712189e-07,7.60762191485463e-07,1.2839548131740662e-07,1.283954566438422e-07,1.0,0.027699164421443326,3.3355659445114525e-16,0.23622522105911603,0.001674295092909367,0.22483853665095335,0.7385219915920472,0.7420598229206136,0.22483853665095335,0.011277493861314714,True,True,True,True,True,True,True,True,True,True,True,True,True,True
14,joint_adaptive,0.0,0.02129061212807851,0.018157796084194548,1.2839537312472876e-07,1.2839531698615733e-07,1.0,0.031814897298311974,5.309144539947442e-16,0.4000000000000009,0.0068286333496379355,0.3891528438388224,0.7119875333271046,0.7428865307666577,0.3891528438388224,0.019510007174626587,True,True,True,True,True,True,True,True,True,True,True,True,True,True
15,joint_adaptive,0.0,0.13230521724320798,0.12068981256023611,1.2839554590534836e-07,1.283955243913712e-07,1.0,0.10782022801526057,4.927137783975658e-16,0.40000000000000174,0.008408852406857481,0.38123195783187414,0.7313666374843856,0.742622543250216,0.38123195783187414,0.01912668530606121,True,True,True,True,True,True,True,True,True,True,True,True,True,True
16,joint_adaptive,0.0,2.2932029047286748e-07,2.186076286261242e-07,1.2839299695988123e-07,1.283929858630207e-07,1.0,0.005240164252191941,6.794417299235639e-16,0.07358002074216484,0.0032207179195620577,0.06443920584874968,0.7359513854952774,0.7425011860809423,0.06443920584874968,0.0032339171213311424,True,True,True,True,True,True,True,True,True,True,True,True,True,True
17,joint_adaptive,0.0,0.029302851972816936,0.028663669970332796,1.2839546795296903e-07,1.2839543496562933e-07,1.0,0.09392189105138231,4.460770925405029e-14,0.4000000000000035,0.004009198557830161,0.38436939688405164,0.7330460029414075,0.7435631112061076,0.38436939688405164,0.019281366290615498,True,True,True,True,True,True,True,True,True,True,True,True,True,True
18,joint_adaptive,0.0,0.0411922017734285,0.0387097873277859,1.2839516609345092e-07,1.283951491542084e-07,1.0,0.11626680910136288,2.7007862045109285e-15,0.4000000000000011,0.0047188884765620425,0.4074193503408708,0.7232680195766334,0.7440928895884451,0.4074193503408708,0.02048925322611872,True,True,True,True,True,True,True,True,True,True,True,True,True,True
19,joint_adaptive,0.0,8.207500207747684e-07,7.516774727522565e-07,1.283912636529404e-07,1.2839124323122417e-07,1.0,0.019031473018415155,8.188818877961681e-16,0.19147372199859647,0.0020547482800543936,0.18046020235516955,0.8841530549563672,0.8975456055691704,0.18046020235516955,0.009042748944183998,True,True,True,True,True,True,True,True,True,True,True,True,True,True
20,joint_adaptive,0.0,1.7147799094033365e-06,1.3966716434608133e-06,1.28392048584136e-07,1.2838987413079332e-07,1.0,0.032134235777678904,4.3223596613018305e-12,0.38659921591067814,0.011183692867219744,0.38819054796106944,0.7544016200575421,0.9753353023601673,0.38819054796106944,0.01942326538576733,True,True,True,True,True,True,True,True,True,True,True,True,True,True
21,joint_adaptive,0.0,9.572557871482853e-07,8.403483579613274e-07,1.2839267906177647e-07,1.2839264432162882e-07,1.0,0.007408422862332046,3.3589377150466573e-15,0.12103629995936022,0.010410384225429241,0.10516469007827656,0.6832846619830266,0.7617964205006003,0.10516469007827656,0.005269089379518199,True,True,True,True,True,True,True,True,True,True,True,True,True,True
24,joint_adaptive,0.0,0.01173708674935348,0.011672594555560667,1.2838736649059563e-07,1.283873364839064e-07,1.0,0.07008998876410089,2.7492568741190567e-13,0.40000000000000047,0.005640927596007063,0.41678935885406077,0.7260889287404921,0.7392086133221963,0.41678935885406077,0.020930613755193672,True,True,True,True,True,True,True,True,True,True,True,True,True,True
25,joint_adaptive,0.0,1.3957760947575172e-06,1.2123439034802384e-06,1.2839250840278528e-07,1.28392449420566e-07,1.0,0.05412368990297255,3.355384449246085e-15,0.3818314138717388,0.0052906415552762725,0.3550818316366819,0.7603527392969401,0.7952155298409872,0.3550818316366819,0.01779613678777503,True,True,True,True,True,True,True,True,True,True,True,True,True,True
27,joint_adaptive,0.0,1.802774152015504e-06,1.1297697945873154e-06,1.2839043921398806e-07,1.2838956181777664e-07,1.0,0.02589677863933702,1.3290932697801546e-15,0.35640929921177195,0.01316477369793014,0.34890846503775585,0.7442441950074635,0.8464542640186999,0.34890846503775585,0.01746858895057457,True,True,True,True,True,True,True,True,True,True,True,True,True,True
28,joint_adaptive,0.0,1.5280828087563535e-06,1.1255403301073178e-06,1.2839281220498974e-07,1.2839046289407425e-07,1.0,0.03285831135458736,5.881360153388885e-15,0.38798412103941177,0.006216153364201834,0.38616167668325924,0.28932382568619897,0.3198490550642273,0.38616167668325924,0.019330873414984406,True,True,True,True,True,True,True,True,True,True,True,True,True,True
29,fixed_path,0.0,0.03147006553749479,0.03135792490674963,1.2839341310778187e-07,1.283934002661841e-07,1.0,0.09726726832001051,4.5703669204807376e-10,0.25,0.006518418223929213,0.24333747700702837,0.7486888990904307,0.7666885450699759,0.2433374770070263,0.012202674510183871,True,True,True,True,True,True,True,True,True,True,True,True,True,True
30,fixed_path,0.0,0.05754877710231635,0.05628228916744118,1.283938943198268e-07,1.2839380156535825e-07,1.0,0.1029546851595318,2.9348356245734844e-11,0.2500000000000003,0.004874378409660109,0.2449685434884196,0.7502725184229853,0.7572673220825837,0.2449685434884218,0.012262420433551857,True,True,True,True,True,True,True,True,True,True,True,True,True,True
31,fixed_path,0.0,0.04717058729463785,0.04591124778463498,1.2839389079620174e-07,1.2839380688938305e-07,1.0,0.1075664195511701,1.17027047218183e-08,0.25000000000000056,0.00488364545442129,0.24491650738310983,0.6012844953000718,0.607270226472444,0.2449165073831076,0.012280198394460373,True,True,True,True,True,True,True,True,True,True,True,True,True,True
32,fixed_path,0.0,0.03053710516523348,0.028002570205100073,1.2839346660953963e-07,1.2839327822539423e-07,1.0,0.0935536835799528,8.734174772441027e-13,0.2500000000000004,0.00524373160036256,0.24962915015866755,0.7492439803149377,0.7659548281190668,0.24962915015867085,0.012541659107603464,True,True,True,True,True,True,True,True,True,True,True,True,True,True
33,joint_adaptive,0.11951447219111083,0.002600129165445358,0.002468065530405287,1.283909212858823e-07,1.2839035640553748e-07,1.0,0.012754049698987458,1.0960524399837127e-13,0.1678256659088079,0.011187177684258835,0.17684261056252523,5.641880899124155e-28,0.0840257248670666,0.17684261056252523,0.00884836293394109,True,True,True,True,True,True,True,True,True,True,True,True,True,True
34,fixed_path,0.0,0.058610570078468135,0.05830853968441801,1.2839309582952846e-07,1.2839307753479076e-07,1.0,0.09935625033256498,2.587472623458343e-12,0.2500000000000003,0.005659180464468668,0.24385207324255812,0.94748072209818,0.9634343206078473,0.24385207324256145,0.012216512160918735,True,True,True,True,True,True,True,True,True,True,True,True,True,True
35,joint_adaptive,0.0,0.03928984974287908,0.033005781019099754,1.2839246797819441e-07,1.2839245193474135e-07,1.0,0.06626055957112803,1.2811673444525956e-14,0.4000000000000018,0.0067445132182356905,0.3994981854244117,0.9305248834462508,0.9467075641979144,0.3994981854244117,0.020010943406449044,True,True,True,True,True,True,True,True,True,True,True,True,True,True
36,joint_adaptive,0.0,0.016849032707701262,0.012166443277449597,1.2839560886280506e-07,1.2839555712595916e-07,1.0,0.04010732138267937,1.4295651460181299e-15,0.4000000000000018,0.006113390819904649,0.389246080391648,0.8936651226688928,0.943903029214757,0.389246080391648,0.019513358770516298,True,True,True,True,True,True,True,True,True,True,True,True,True,True
37,joint_adaptive,0.0,0.06833685362844691,0.06562499562493188,1.2839556647833353e-07,1.2839553662417084e-07,1.0,0.10230142924744491,5.792943782052884e-16,0.40000000000000174,0.005146358498315748,0.3804255213882375,0.7368872094750071,0.7474014663698013,0.3804255213882375,0.01908162680839709,True,True,True,True,True,True,True,True,True,True,True,True,True,True
38,joint_adaptive,0.0,1.099380585754559e-06,1.0182558291286226e-06,1.2839342604425029e-07,1.2839301628517011e-07,1.0,0.0015861201090705862,4.453323253550719e-16,0.07019474703784745,0.0024720005923561245,0.0611032884786587,0.6862998609443618,0.7003374968600157,0.0611032884786587,0.00305518992404874,True,True,True,True,True,True,True,True,True,True,True,True,True,True
39,joint_adaptive,0.0,1.2023042486616948e-06,1.1118800833130066e-06,1.2839342604425029e-07,1.2839303306590222e-07,1.0,0.00172822859554775,4.1715830704997883e-16,0.07686274003799523,0.0027081376937576826,0.06686936172834608,0.6863114682262171,0.7003419598862134,0.06686936172834608,0.003344461962591083,True,True,True,True,True,True,True,True,True,True,True,True,True,True
41,joint_adaptive,0.0,1.839131238755829e-07,1.6859739323099492e-07,1.283953513283483e-07,1.2839533077384929e-07,1.0,0.0909383989259591,1.517359998498032e-14,0.06957989467814317,0.012317982847007823,0.11425252222687583,0.8427511382940891,0.920424155861775,0.11425252222687583,0.005717860770432459,True,True,True,True,True,True,True,True,True,True,True,True,True,True
42,joint_adaptive,0.0,0.013051162071689548,0.010765985551530598,1.2839241345302048e-07,1.2839239205585602e-07,1.0,0.044390307114656774,2.9134479845014916e-15,0.4000000000000018,0.005125888454437652,0.40110897112756827,0.8814915989554193,0.8997711268300661,0.40110897112756827,0.020061557575997924,True,True,True,True,True,True,True,True,True,True,True,True,True,True
43,joint_adaptive,0.0,1.0778141618895422e-06,9.661408795955191e-07,1.2839259208973118e-07,1.2839257817630973e-07,1.0,0.03737656501336923,7.456242854837375e-16,0.31202494173832973,0.0015123978268163259,0.30747533758559936,0.8921654848554798,0.8933924775168604,0.30747533758559936,0.015396858960411208,True,True,True,True,True,True,True,True,True,True,True,True,True,True
44,joint_adaptive,0.0,0.045935308507651165,0.03953574797035518,1.283951102748964e-07,1.2839509160710125e-07,1.0,0.024133247962777438,9.70804971974525e-16,0.4000000000000009,0.01814900918601872,0.4014926120351276,0.6851131817640804,0.7659446022458496,0.4014926120351276,0.020099078094099276,True,True,True,True,True,True,True,True,True,True,True,True,True,True
45,fixed_path,0.0,0.051358787117867594,0.050790460342788744,1.2839210374314224e-07,1.2839170295847308e-07,1.0,0.07871782306527056,4.1607520022274967e-13,0.2500000000000011,0.006317085719696663,0.29194554760311625,0.7040463498144317,0.7502802798500828,0.2919455476031207,0.014650163121882942,True,True,True,True,True,True,True,True,True,True,True,True,True,True
46,joint_adaptive,0.0,6.511837144269934e-08,6.25736255165321e-08,1.283934926925128e-07,1.2839344497549214e-07,1.0,0.011926158114429024,1.4461704045456377e-15,0.019452669279487782,0.0018857086151412618,0.017976128606345405,0.5963363330763399,0.6152241590264858,0.017976128606345405,0.0009012613875101216,True,True,True,True,True,True,True,True,True,True,True,True,True,True
47,joint_adaptive,0.0,1.386388060666662e-07,1.2800290728981554e-07,1.2839418381546488e-07,1.2839408464400152e-07,1.0,0.0101708046781574,9.713134240173191e-16,0.04129970540616692,0.00202050324839866,0.03988966025733266,0.1965109901548165,0.2166082294577074,0.03988966025733266,0.0019980929213518905,True,True,True,True,True,True,True,True,True,True,True,True,True,True
48,joint_adaptive,0.0,4.0323788029111175e-08,3.933186738962413e-08,1.2839278720867234e-07,1.2839277188548943e-07,1.0,0.002879336160622952,3.398165595521525e-14,0.01208002380686487,0.0016214677464121952,0.01082727543746107,0.19083621091154357,0.19912346907943457,0.01082727543746107,0.0005417219293621933,True,True,True,True,True,True,True,True,True,True,True,True,True,True
49,joint_adaptive,0.0,3.0136424869881616e-07,2.7907360005695747e-07,1.283928022393034e-07,1.2839253411910697e-07,1.0,0.007119603656932446,3.426361065604503e-15,0.07174030192100826,0.0017045676370612702,0.07173340123500102,0.18740908819519808,0.21871388832534294,0.07173340123500102,0.003589495711791013,True,True,True,True,True,True,True,True,True,True,True,True,True,True
50,joint_adaptive,0.1821065369646036,0.0007252869772994443,4.023922172850553e-07,1.2839275716079824e-07,1.2839249490288058e-07,1.0,0.009707885566865242,2.6461449091436776e-15,0.1015794525246853,0.002331560702609046,0.10177510090345916,1.2555148755607062e-20,0.030795460322599316,0.10177510090345916,0.0050910737933231864,True,True,True,True,True,True,True,True,True,True,True,True,True,True
51,joint_adaptive,0.0,1.0623189726473545e-07,1.0177456409169528e-07,1.2839344372992603e-07,1.2839341989691584e-07,1.0,0.01634091710005233,1.5404797326382214e-15,0.03149754005457798,0.0015789996669063773,0.03103866641029168,0.8754726045645239,0.8932492787003592,0.03103866641029168,0.00155237921632434,True,True,True,True,True,True,True,True,True,True,True,True,True,True
57,joint_adaptive,0.0,0.0142591809379899,0.013787748948323334,1.283956342940751e-07,1.2839559467472725e-07,1.0,0.06596617062475194,1.4647364274688144e-15,0.4000000000000035,0.0025021504906208346,0.40707477616115606,0.8953954430516297,0.908225082472596,0.40707477616115606,0.020414290144067593,True,True,True,True,True,True,True,True,True,True,True,True,True,True
60,joint_adaptive,0.0,0.0018340466878982403,0.0007834316993723905,1.2839304451516888e-07,1.2839302712371847e-07,1.0,0.02396122471506265,2.0189958479597693e-15,0.4000000000000009,0.0026908098468702243,0.3874506280047176,0.5873406485875364,0.5971220066416009,0.3874506280047176,0.019412115213834458,True,True,True,True,True,True,True,True,True,True,True,True,True,True
61,joint_adaptive,0.0,1.2188731295012634e-06,1.1173062799579556e-06,1.2839306422011953e-07,1.2839304184691528e-07,1.0,0.05340585794706034,4.0864482813522846e-16,0.37942135937377125,0.002592016792447294,0.35488314679102717,0.5854309554739383,0.5950191483226912,0.35488314679102717,0.017795551264331078,True,True,True,True,True,True,True,True,True,True,True,True,True,True
62,joint_adaptive,0.0,0.006020709284024801,0.005461378612413978,1.2839288391273513e-07,1.2839286953778067e-07,1.0,0.019617820634154903,1.0626990419159355e-15,0.40000000000000174,0.0018847384507810572,0.3807530755977881,0.593677988969781,0.5973705924735385,0.3807530755977881,0.019141238613987532,True,True,True,True,True,True,True,True,True,True,True,True,True,True
63,joint_adaptive,0.0,1.363553128618868e-06,1.2409166586682625e-06,1.2839280748853172e-07,1.2839279217436662e-07,1.0,0.013998922009685631,1.0417968155389e-15,0.37091152801097726,0.0013932847980781997,0.3530285834859706,0.7434817736339218,0.7472845874940994,0.3530285834859706,0.017745336878866258,True,True,True,True,True,True,True,True,True,True,True,True,True,True
66,fixed_path,0.0,0.021472213113154708,0.020036434012691708,1.283932270946869e-07,1.2839317421036108e-07,1.0,0.09833840772233562,3.1016320539119295e-13,0.25000000000000056,0.013829467281469832,0.25023314234605304,0.5792948538993901,0.6247410156707265,0.2502331423460523,0.012535315283599378,True,True,True,True,True,True,True,True,True,True,True,True,True,True
67,fixed_path,0.0,0.024640123328908945,0.023076961534028044,1.2839327862092476e-07,1.2839320424426188e-07,1.0,0.07110293661174914,2.513740284835448e-12,0.25000000000000056,0.009840806129254675,0.2502336761992486,0.7793243999264752,0.8247410038202673,0.2502336761992509,0.012518055981387673,True,True,True,True,True,True,True,True,True,True,True,True,True,True
70,joint_adaptive,0.0,1.4278497200447672e-06,1.1733325914409268e-06,1.28392640555072e-07,1.2839257098284833e-07,1.0,0.03004053090018995,1.5969636085912232e-15,0.3342438384420817,0.00864294389604775,0.3627963589719486,0.7161419496913483,0.7490764078866728,0.3627963589719486,0.018143648661376854,True,True,True,True,True,True,True,True,True,True,True,True,True,True
71,joint_adaptive,0.0,1.279240236530981e-06,1.0445270315258641e-06,1.2839217861093978e-07,1.2839214412447305e-07,1.0,0.06196410064818814,1.64244187072547e-14,0.3474480807425056,0.018622959537988443,0.3557348021722636,0.8208080653206162,0.8935380781620217,0.3557348021722636,0.017830356237828138,True,True,True,True,True,True,True,True,True,True,True,True,True,True
73,joint_adaptive,0.0,0.0019696007481981963,0.0007231175961492791,1.283958467783328e-07,1.2839583178167205e-07,1.0,0.039836600437897246,1.7254695030373003e-14,0.3802682823870897,0.03904782443825358,0.4173919111870304,0.7708371602246622,0.8844736248550903,0.4173919111870304,0.020918578019118783,True,True,True,True,True,True,True,True,True,True,True,True,True,True
74,joint_adaptive,0.0,6.618159489731102e-07,6.024712433206377e-07,1.2839487303828353e-07,1.2839480620374532e-07,1.0,0.009181978382058063,6.727064871276866e-16,0.13335381540127836,0.014582925967826982,0.13180386665872817,0.7603981084295375,0.894615450582603,0.13180386665872817,0.006593249964273795,True,True,True,True,True,True,True,True,True,True,True,True,True,True
75,joint_adaptive,0.0,6.560582388797733e-07,6.033927376123146e-07,1.2839486111496498e-07,1.2839480315976167e-07,1.0,0.009225979269981003,7.033870689712146e-16,0.13396079756997328,0.014656271604000407,0.13242660352671418,0.7603980877155034,0.8946129504358933,0.13242660352671418,0.006631433610137627,True,True,True,True,True,True,True,True,True,True,True,True,True,True
76,joint_adaptive,0.0,6.612876553511302e-07,6.019924415858798e-07,1.283948717982476e-07,1.283948105570503e-07,1.0,0.009178325282398595,7.263314301186037e-16,0.1333007868948032,0.014577123560180316,0.13175142598963538,0.7603981084295375,0.8946154506672886,0.13175142598963538,0.0065932500475121,True,True,True,True,True,True,True,True,True,True,True,True,True,True
78,joint_adaptive,0.0,0.06898059226337798,0.0685008525843217,1.2839564817222695e-07,1.2839561789064685e-07,1.0,0.10787742847427323,6.127259809022435e-16,0.4000000000000018,0.004450760855194453,0.3981780032154114,0.7420056503550271,0.7490582539158355,0.3981780032154114,0.01993919760063889,True,True,True,True,True,True,True,True,True,True,True,True,True,True
79,joint_adaptive,0.0,0.005513078705563218,0.0018220468166630435,1.2839578847413096e-07,1.2839572257249547e-07,1.0,0.04290941826504886,1.0529625430396953e-14,0.40000000000000013,0.007014714060144083,0.3911811900151867,0.706670847781644,0.747861175169165,0.3911811900151867,0.01959960951527595,True,True,True,True,True,True,True,True,True,True,True,True,True,True
