case,source_duration_s,retargeted_duration_s,samples,acquisition_end_index,source_acquisition_duration_s,retargeted_acquisition_duration_s,acquisition_time_scale,acquisition_retimed,semantic_start_position_world_m,position_error_mean_m,position_error_p95_m,position_error_max_m,position_error_final_m,acquisition_position_error_p95_m,acquisition_position_error_max_m,semantic_position_error_p95_m,semantic_position_error_max_m,maximum_abs_linear_velocity_mps,maximum_abs_yaw_rate_radps,maximum_abs_arm_rate_radps,passed,attempted_acquisition_time_scales
1,25.12368904166667,25.12368904166667,253,109,10.866992482308202,10.866992482308202,1.0,False,"[-8.905808499548584e-06, -2.905055407609325e-05, 1.3500452041625977]",1.511887553048989e-07,3.0129752145738703e-07,3.5819761519366137e-07,1.1312631275260003e-07,3.0143910719866726e-07,3.049596137326225e-07,2.9803327968478507e-07,3.5819761519366137e-07,0.027772479611169458,0.10662378236712577,0.1668299429477653,True,[1.0]
2,13.757301791666666,13.757301791666666,139,52,5.183910820048309,5.183910820048309,1.0,False,"[-0.00015586263907607645, -1.5013722077128477e-05, 1.3500328063964844]",1.454389205340056e-07,5.874582685417063e-07,6.311489437152402e-07,5.432131708524207e-08,6.216108721235698e-07,6.311489437152402e-07,6.799783570292184e-08,7.810601390970319e-08,0.094248639879488,0.01048405220053274,0.10000041134757243,True,[1.0]
3,7.789087791666667,7.789087791666667,79,37,3.694823696047009,3.694823696047009,1.0,False,"[-0.0009358574752695858, 0.00012118703307351097, 1.3499960899353027]",2.433304360304237e-07,8.258599849155777e-07,8.759803403802196e-07,3.5113517575811457e-08,8.640542480179978e-07,8.759803403802196e-07,1.6697408139688814e-07,1.698807462324513e-07,0.14391064342835516,0.040337964628880424,0.14032968897060316,True,[1.0]
4,22.291202374999997,22.291202374999997,224,108,10.795739266816142,10.795739266816142,1.0,False,"[-0.0005553712253458798, 0.00018763048865366727, 0.449930340051651]",2.5674934440019773e-07,8.359223909507501e-07,1.1159311043557229e-06,7.846578139037676e-08,1.0245277766770064e-06,1.1159311043557229e-06,8.052905210749284e-08,8.222363038213526e-08,0.11854675064731389,0.01470206677681631,0.44251190170041443,True,[1.0]
5,23.27137133333333,23.27137133333333,234,113,11.286115711015736,11.286115711015736,1.0,False,"[-0.0007973032770678401, 0.0002693665155675262, 0.4999000132083893]",2.3568369579299226e-07,8.031267463661913e-07,1.0482202031226452e-06,7.29273047786084e-08,9.67895945716332e-07,1.0482202031226452e-06,7.829309469864227e-08,8.011416427151179e-08,0.11089231985654129,0.01367863586223748,0.36015984464487405,True,[1.0]
6,12.3152785,13.755371550403225,125,58,5.760372201612903,7.200465252016128,1.25,True,"[2.7142757971887477e-05, -8.401440572924912e-05, 0.49984678626060486]",0.004298594058319312,0.029853838088427377,0.03178540084569169,1.136704595332132e-08,0.031409966926104024,0.03178540084569169,7.932912117717406e-08,8.952633235022761e-08,0.17365688219597705,0.011948300958604293,0.5,True,"[1.0, 1.25]"
7,17.247189249999998,17.247189249999998,174,72,7.178020959537571,7.178020959537571,1.0,False,"[0.002475749934092164, 0.0011135335080325603, 0.45202815532684326]",0.00909665435666214,0.061535176736114805,0.0697838304377509,2.795886853176805e-08,0.06776775069181638,0.0697838304377509,4.484787899675986e-08,9.103607625736448e-08,0.1777699186313108,0.015750648994290063,0.5,True,[1.0]
8,18.028425458333334,18.028425458333334,182,78,7.76915572237569,7.76915572237569,1.0,False,"[0.0013651872286573052, 0.0006140287732705474, 0.431118369102478]",0.004482974700797448,0.03674763649454736,0.0475799174526208,2.779046575015551e-08,0.044206160410344246,0.0475799174526208,4.613652787569273e-08,9.303977766993768e-08,0.165854490284072,0.01590392091926841,0.5,True,[1.0]
9,13.382477083333333,14.780646330845771,135,56,5.592676990049751,6.990846237562188,1.25,True,"[0.0034421735908836126, 0.0015482079470530152, 0.5028198957443237]",0.00602690564810063,0.041382812402972584,0.04403376686329376,3.5159572228306324e-08,0.04357327185104779,0.04403376686329376,6.89692557069925e-08,1.347218537871305e-07,0.17827121032458548,0.021897377954540047,0.5,True,"[1.0, 1.25]"
10,8.746370875,8.746370875,89,37,3.677451390625,3.677451390625,1.0,False,"[-0.0006196550675667822, 0.0001182535124826245, 1.3512446880340576]",2.3791035098018252e-07,8.124286386460285e-07,8.690743005437154e-07,7.275078595716043e-08,8.555223436986544e-07,8.690743005437154e-07,1.775171589312055e-07,3.7525622352590126e-07,0.15218300913464708,0.050341738359196725,0.1373244868899742,True,[1.0]
11,8.585959875,8.585959875,87,35,3.494285995639535,3.494285995639535,1.0,False,"[0.00044020215864293277, -0.00038013156154192984, 1.3499157428741455]",2.504623298693418e-07,8.584277759062994e-07,9.217179946569495e-07,6.940830728685657e-08,9.073100685219781e-07,9.217179946569495e-07,1.9094391047546668e-07,2.518372966528754e-07,0.14786262930839153,0.06618325844245224,0.1484909847366103,True,[1.0]
12,20.305637750000002,20.305637750000002,205,58,5.773171517156864,5.773171517156864,1.0,False,"[0.001025817939080298, -0.0004198429815005511, 0.95057612657547]",1.7781957430349056e-07,1.0391979562628072e-06,1.5449259911783144e-06,2.4700212756755495e-08,1.458950235173744e-06,1.5449259911783144e-06,5.104966806132024e-08,5.189640178578189e-08,0.16122767721609024,0.017041891001571795,0.41478188415645645,True,[1.0]
13,12.890654625,12.890654625,130,67,6.695146200581395,6.695146200581395,1.0,False,"[0.00010016052692662925, 2.2321098640532e-06, 1.3498095273971558]",1.9528094802811343e-07,4.7219763791149487e-07,4.915556919263449e-07,9.518007743438241e-08,4.850748655546251e-07,4.915556919263449e-07,2.5149621865202785e-07,2.536861597463557e-07,0.045188755250427586,0.07379326403718485,0.11470452679285448,True,[1.0]
14,7.1692422916666665,7.1692422916666665,73,38,3.783766765046296,3.783766765046296,1.0,False,"[-0.0010961865773424506, -0.0008691123803146183, 1.3493521213531494]",3.072728600897868e-07,8.25183185999799e-07,8.653229941003568e-07,1.1184303334431527e-07,8.499603676749842e-07,8.653229941003568e-07,2.7889772473098334e-07,2.8260232987623174e-07,0.0890080478897398,0.09038235065997874,0.13879085648251518,True,[1.0]
15,6.923560625,6.923560625,71,36,3.5606883214285716,3.5606883214285716,1.0,False,"[-0.0007269027410075068, 8.227995567722246e-05, 1.351462960243225]",4.2190959555866896e-07,8.588561451182191e-07,8.987841716438364e-07,2.898761660418924e-07,8.883338686459083e-07,8.987841716438364e-07,8.262308031121035e-07,8.545069938757582e-07,0.14002825601877575,0.26083215867002946,0.3995783186043233,True,[1.0]
16,11.442305874999999,11.442305874999999,116,62,6.1688953413043475,6.1688953413043475,1.0,False,"[-0.0005498334649018943, 2.2821375750936568e-05, 1.349386215209961]",1.6384403484678978e-07,5.176213864249215e-07,5.380156148814146e-07,6.772001976994537e-08,5.326156415612972e-07,5.380156148814146e-07,1.3117527248030158e-07,1.4034804674330467e-07,0.04950215126484468,0.040755671445520746,0.0851175499457591,True,[1.0]
17,11.035999791666669,11.035999791666669,112,53,5.269441341966968,5.269441341966968,1.0,False,"[0.0014386905822902918, -0.0004480853967834264, 1.350438117980957]",2.8502240690674415e-07,5.885979023710665e-07,6.181511183360078e-07,1.241921151422504e-07,6.102272532438853e-07,6.181511183360078e-07,4.364060631967319e-07,4.531132681712852e-07,0.09528311138570505,0.12745115133291401,0.19721722089347707,True,[1.0]
18,7.493259041666667,7.493259041666667,76,37,3.6966744605555553,3.6966744605555553,1.0,False,"[0.0009473292739130557, -0.00023324269568547606, 1.3499000072479248]",4.266160913322738e-07,8.390308565245377e-07,8.742904864737977e-07,1.444636379909091e-07,8.625824173911904e-07,8.742904864737977e-07,8.23565867855864e-07,8.374520925562123e-07,0.08126722338695672,0.2506605582021291,0.38891980091429973,True,[1.0]
19,16.335658041666665,16.335658041666665,165,88,8.765475046747966,8.765475046747966,1.0,False,"[0.00015591295959893614, -0.00014169514179229736, 1.499900221824646]",2.8342569002340127e-07,9.388410055716559e-07,1.1104617202209738e-06,1.2817666816754114e-07,1.0516744694576075e-06,1.1104617202209738e-06,4.97958737556547e-07,6.274477223957905e-07,0.0406245876054894,0.062235958007880544,0.09858301454172212,True,[1.0]
20,50.83595604166666,50.83595604166666,510,115,11.485530343402095,11.485530343402095,1.0,False,"[0.0002343290689168498, -2.4529876100132242e-05, 1.3500573635101318]",5.8573169712775e-08,2.387766416753857e-07,2.8811510883152764e-07,2.4573692435968434e-08,2.845385952791374e-07,2.8811510883152764e-07,4.787428791854672e-08,5.014479566226208e-08,0.03731196848770841,0.00968561856201426,0.04511848623973845,True,[1.0]
21,19.039222791666667,19.039222791666667,192,78,7.775179988219896,7.775179988219896,1.0,False,"[0.00018408044707030058, 7.802710024407133e-05, 1.34995698928833]",1.249365504492364e-07,3.975292895618618e-07,4.245673647363638e-07,4.090024227173644e-08,4.1940409326808967e-07,4.245673647363638e-07,1.1095494655675459e-07,1.1690605818577693e-07,0.03880984340875132,0.012615723682295443,0.0667698939834109,True,[1.0]
22,15.090589875,15.090589875,152,76,7.595263778145695,7.595263778145695,1.0,False,"[0.0007450990960933268, 0.0003158288891427219, 1.7998255491256714]",5.326528233362137e-07,2.3520682048534007e-06,3.825083851493224e-06,6.333503032226501e-08,3.1438260596893036e-06,3.825083851493224e-06,3.529868316732955e-07,3.7245434505834396e-07,0.03831087136200506,0.04786139858600205,0.280082002717035,True,[1.0]
23,8.450236083333333,8.450236083333333,86,18,1.7894617588235293,1.7894617588235293,1.0,False,"[3.138595275231637e-05, 6.399270205292851e-05, 1.700067162513733]",0.007402056824226514,0.06215962302098793,0.07673578785191565,1.9441982514801294e-08,0.07669461015227944,0.07673578785191565,4.540939285601751e-08,0.029550522068730573,0.1220856392151832,0.39999999999999997,0.5000000000000006,True,[1.0]
24,7.532802833333333,7.532802833333333,77,25,2.477895668859649,2.477895668859649,1.0,False,"[0.00031592437881045043, 0.0006441370933316648, 1.3506754636764526]",2.297656044268187e-07,1.1290584750955093e-06,1.2797432480363589e-06,1.0672416256198674e-07,1.2511761660830543e-06,1.2797432480363589e-06,1.087456114286678e-07,1.4160661028797648e-07,0.120367089983836,0.018874662127143643,0.20623761464526993,True,[1.0]
25,11.426997458333332,11.426997458333332,116,58,5.763181326811593,5.763181326811593,1.0,False,"[-5.912506821914576e-07, 6.106169166741893e-05, 1.399802327156067]",4.1579916498918036e-07,1.590094620760321e-06,2.6922677819823862e-06,3.212114225462368e-07,2.5287186109833337e-07,2.567859400942305e-07,1.8853115947597272e-06,2.6922677819823862e-06,0.07236656414296633,0.21871187779061738,0.36570675150011883,True,[1.0]
26,16.420349666666667,16.420349666666667,166,90,8.956554363636364,8.956554363636364,1.0,False,"[-7.272067250596592e-07, 7.510261639254168e-05, 1.5997568368911743]",4.094925033027444e-07,1.443004652520249e-06,1.8891219578340405e-06,1.8350350086876798e-07,1.7026551214242987e-06,1.8891219578340405e-06,7.833834672349804e-07,1.2413244926994317e-06,0.12117062893567014,0.10020269922239976,0.21312554717525722,True,[1.0]
27,29.539172916666665,29.539172916666665,297,122,12.174929377815316,12.174929377815316,1.0,False,"[0.0001330666709691286, 7.540716615039855e-05, 1.3502867221832275]",9.533255306838211e-08,2.67629327281958e-07,3.3046602266451195e-07,2.1199155583754084e-07,2.68290927781579e-07,2.71397494745548e-07,2.1161534442258202e-07,3.3046602266451195e-07,0.044134780031343135,0.08228326806822318,0.1282819615958172,True,[1.0]
28,37.193848625,37.193848625,373,102,10.198313332661291,10.198313332661291,1.0,False,"[0.000956425501499325, 0.0013217052910476923, 0.8996932506561279]",1.0318758180921946e-07,5.823670372304138e-07,9.32106010176515e-07,1.7864144604625058e-08,8.737787818168411e-07,9.32106010176515e-07,3.689300615187128e-08,3.8149975496837574e-08,0.09565379515101036,0.02233254272528404,0.25055062374716636,True,[1.0]
29,8.3244225,8.3244225,85,36,3.567609642857143,3.567609642857143,1.0,False,"[0.0, 0.0, 1.350000023841858]",2.3711807353443964e-07,8.620659305183761e-07,9.11848429999202e-07,3.055363423379319e-08,8.99769906731322e-07,9.11848429999202e-07,1.1964240665923846e-07,1.3025765281495325e-07,0.1491919951512835,0.025939892382629642,0.14537103006600602,True,[1.0]
30,15.267422416666667,15.267422416666667,154,42,4.191057133986928,4.191057133986928,1.0,False,"[0.0032610157504677773, 3.147540337522514e-05, 1.3499994277954102]",1.5162202064566063e-07,6.730653180393856e-07,7.715815318158489e-07,5.263911674538811e-08,7.581828542381983e-07,7.715815318158489e-07,9.040149460997066e-08,9.1093612025616e-08,0.1253440829841599,0.006847892116196181,0.12375823696792372,True,[1.0]
31,14.640981,14.640981,148,36,3.5855463673469385,3.5855463673469385,1.0,False,"[-0.0010241941781714559, 0.00019518712360877544, 1.2017115354537964]",2.152375602480891e-07,1.2134378681638268e-06,1.762164464556189e-06,4.9520431073528076e-08,1.70731556063891e-06,1.762164464556189e-06,8.176414172795896e-08,8.193127125865582e-08,0.17930891835497606,0.005272543198929173,0.40768544215075614,True,[1.0]
32,8.289792083333333,8.289792083333333,84,35,3.4956954568273093,3.4956954568273093,1.0,False,"[0.0004340348532423377, 1.9989760403404944e-05, 1.350012183189392]",2.236227557761996e-07,8.631072674494509e-07,9.19905369067263e-07,3.4866898930386685e-08,9.055876068164078e-07,9.19905369067263e-07,1.2489723335695814e-07,1.3671251319432055e-07,0.14466796285763323,0.022815192792078273,0.14814176121900088,True,[1.0]
33,36.976044333333334,36.976044333333334,371,174,17.388734362162165,17.388734362162165,1.0,False,"[0.00046427702181972563, 0.0001369760138913989, 0.5489760637283325]",1.430623155849973e-07,5.193179530107686e-07,6.782669037501063e-07,6.656239788637635e-09,6.268482927510255e-07,6.782669037501063e-07,1.0544589556145798e-07,1.0931991655330609e-07,0.07028262580059817,0.007594233899572362,0.2106473526948387,True,[1.0]
34,14.628629166666666,14.628629166666666,148,46,4.577666269841269,4.577666269841269,1.0,False,"[-0.0017977954121306539, 0.0010701235150918365, 1.5534521341323853]",0.0013699240061806138,0.013121396602392133,0.014833838682768496,0.014362533962587958,2.353921554885554e-06,2.5586245983332118e-06,0.014172363275921905,0.014833838682768496,0.3898025176780859,0.39999999999999997,0.5,True,[1.0]
35,10.819482875,10.819482875,110,53,5.260849471330276,5.260849471330276,1.0,False,"[-0.00012164418876636773, 4.4248296035220847e-05, 1.5502899885177612]",5.080524826706278e-07,1.898631369527259e-06,2.442514524466017e-06,1.0575781291329987e-07,2.2386212365501716e-06,2.442514524466017e-06,9.304367595557694e-07,1.497506604376855e-06,0.18461054705264965,0.12216559562034147,0.2071193381787942,True,[1.0]
36,16.142234541666667,16.142234541666667,163,77,7.672543578446502,7.672543578446502,1.0,False,"[4.267834356141975e-06, -2.8753684091498144e-05, 1.5000028610229492]",0.0030566915000319675,0.02394387167738823,0.025310211964092794,0.025218931228142602,1.187210459059996e-06,1.2462635164617014e-06,0.025149796938273954,0.025310211964092794,0.16992829196601333,0.39999999999999997,0.5,True,[1.0]
37,9.279348416666668,9.279348416666668,94,44,4.39022935842294,4.39022935842294,1.0,False,"[2.2723992515238933e-05, -0.00016681800480000675, 1.3499170541763306]",3.169493469745453e-07,7.046634713795919e-07,7.41984611563186e-07,2.0516020787738058e-07,7.31931774480796e-07,7.41984611563186e-07,4.3025762830923496e-07,4.405161672449077e-07,0.11946612991483302,0.1315606240083135,0.20241541889970804,True,[1.0]
38,25.200210333333334,25.200210333333334,254,127,12.649907953886693,12.649907953886693,1.0,False,"[-0.00015890758368186653, 4.2609419324435294e-05, 1.3500933647155762]",6.455407950339378e-08,2.514388788915201e-07,2.6256649398794555e-07,8.792854229760638e-10,2.594370255647637e-07,2.6256649398794555e-07,1.3580105187224075e-08,1.3979497177141491e-08,0.023862053077398266,0.0036484899977705233,0.04093687234871745,True,[1.0]
39,23.006836958333334,23.006836958333334,232,116,11.553216827561327,11.553216827561327,1.0,False,"[-0.0001740416482789442, 4.666746099246666e-05, 1.350102186203003]",7.064717867076929e-08,2.7532472411065436e-07,2.87156415733497e-07,9.63229122310003e-10,2.837606081043183e-07,2.87156415733497e-07,1.5147454576134426e-08,1.5320022985216593e-08,0.02612841178596466,0.003997112369204568,0.04481308011364584,True,[1.0]
40,12.796546416666667,12.796546416666667,129,64,6.398273208333333,6.398273208333333,1.0,False,"[0.0, 0.0, 1.600000023841858]",3.7308468685931176e-07,1.9062784818481646e-06,2.571133063426419e-06,1.2703170602793577e-08,2.2773691223240973e-06,2.571133063426419e-06,1.622521102018248e-07,1.6702812879302485e-07,0.02634532667295498,0.04518520288902997,0.16243517449108516,True,[1.0]
41,8.958201166666667,8.958201166666667,91,27,2.6874603500000003,2.6874603500000003,1.0,False,"[-0.001769207650795579, 0.0007230945629999042, 1.500064730644226]",5.064364326948967e-07,2.2146593359842046e-06,3.0208414276529315e-06,1.4615560655038226e-07,2.8940580479249828e-06,3.0208414276529315e-06,6.51858646347971e-07,7.602404281021755e-07,0.15184559744107287,0.08376927020484481,0.21284887319260679,True,[1.0]
42,16.204934625,16.204934625,164,76,7.5556750398773005,7.5556750398773005,1.0,False,"[0.0002615326957311481, 0.0002733115979935974, 1.5001623630523682]",2.217291161183081e-06,3.3249664463059834e-06,0.0002294764811792202,0.0002294764811792202,1.155095216864045e-06,1.2323996556475406e-06,6.004679144955814e-06,0.0002294764811792202,0.12670160627218932,0.39999999999999997,0.5,True,[1.0]
43,7.511265333333334,7.511265333333334,77,43,4.249794859649123,4.249794859649123,1.0,False,"[0.0003191797877661884, -3.888452920364216e-05, 1.499929428100586]",4.937211112759512e-07,1.8851136822341498e-06,2.171324504835978e-06,2.7115349843892927e-07,2.052725750640353e-06,2.171324504835978e-06,5.285525905732437e-07,5.989313122814639e-07,0.09607894126709048,0.05342455628973891,0.1347125295048837,True,[1.0]
44,13.516440708333334,13.516440708333334,137,51,5.068665265625,5.068665265625,1.0,False,"[0.0, 0.0, 1.350000023841858]",1.292690505367925e-07,5.989024253461449e-07,6.469221215032735e-07,2.7204208681439727e-08,6.37677115000317e-07,6.469221215032735e-07,4.087602319366214e-08,4.1561617315304976e-08,0.059544872184316054,0.010641846261335424,0.10227887495341531,True,[1.0]
45,11.943113541666667,11.943113541666667,121,48,4.777245416666667,4.777245416666667,1.0,False,"[0.0004971158341504633, 0.0001715383550617844, 1.3498064279556274]",2.3242305300619964e-07,6.376481581480695e-07,6.860080164753474e-07,5.0838038722002984e-08,6.757204855218074e-07,6.860080164753474e-07,3.654542725957399e-07,3.7563259699950415e-07,0.1060628443438721,0.10670971094600139,0.16423847891020335,True,[1.0]
46,15.692745666666667,15.692745666666667,158,79,7.896349730360934,7.896349730360934,1.0,False,"[0.0002572598750703037, -0.00016275772941298783, 1.2000664472579956]",1.6462129687304008e-07,7.509030458170766e-07,8.349686087072645e-07,1.822401448934143e-08,8.030627598366649e-07,8.349686087072645e-07,1.8425981931860252e-08,1.8485523268844943e-08,0.08160900394635934,0.007391244256222509,0.1861426331692532,True,[1.0]
47,16.529864125,16.529864125,167,71,7.070002125753012,7.070002125753012,1.0,False,"[0.00032441606163047254, -0.0002052446798188612, 0.8000837564468384]",2.1089835562635903e-07,1.1052256935313668e-06,1.4168884457463786e-06,1.220333502028369e-08,1.323099596395929e-06,1.4168884457463786e-06,1.2225795635459508e-08,1.2246846106813833e-08,0.14922000076106706,0.00521438212624958,0.40434054436326944,True,[1.0]
48,28.168623583333332,28.168623583333332,283,126,12.585980750000001,12.585980750000001,1.0,False,"[0.0002185527846449986, -3.797863973886706e-05, 0.8001444339752197]",1.2385486538839754e-07,6.336684685754614e-07,8.159717641239394e-07,2.5312524265668346e-09,7.647088189264578e-07,8.159717641239394e-07,6.552272696007276e-09,6.6231302057125524e-09,0.08384059568163055,0.001429452166785695,0.2271212358152956,True,[1.0]
49,52.14104541666667,52.14104541666667,523,232,23.173797962962965,23.173797962962965,1.0,False,"[0.0, 0.0, 0.800000011920929]",6.949733038832073e-08,3.524752749677262e-07,4.506429242955182e-07,5.142928983750162e-09,4.243151291047236e-07,4.506429242955182e-07,7.550882995237483e-09,7.646953068796165e-09,0.045553827507946,0.0027690682802963443,0.12337666755122476,True,[1.0]
50,38.017315125,38.017315125,382,191,19.058549052165358,19.058549052165358,1.0,False,"[0.0004576081410050392, 0.00018551136599853635, 0.43019869923591614]",1.4560073157210952e-07,5.007905814515702e-07,6.517001190581115e-07,6.095073691411274e-09,6.005827654469985e-07,6.517001190581115e-07,2.7127282561970566e-08,2.7429232827359894e-08,0.06831937853937646,0.00707870115724105,0.26512721946680745,True,[1.0]
51,18.155214791666666,18.155214791666666,183,99,9.875638815247253,9.875638815247253,1.0,False,"[-1.4193761899150559e-06, 5.159563443157822e-05, 1.4999974966049194]",1.9664659542518946e-07,8.389129232451584e-07,9.702333201359738e-07,2.9028526630858842e-08,9.165485657036405e-07,9.702333201359738e-07,1.7663012709863762e-07,2.0950755721222136e-07,0.04017066866423061,0.024538749236694354,0.058528898764122324,True,[1.0]
52,25.36380275,25.36380275,255,148,14.778908688976378,14.778908688976378,1.0,False,"[-0.00022965790412854403, -4.837106098420918e-05, 1.6005419492721558]",2.3473067336053867e-07,9.160576611543022e-07,1.1950374642982146e-06,6.1163585457449524e-09,1.0613854347468465e-06,1.1950374642982146e-06,3.5908187107896536e-07,3.714393277792471e-07,0.04289165931679436,0.03314026792402234,0.07051562763477391,True,[1.0]
53,11.24285425,11.24285425,114,62,6.168645694690266,6.168645694690266,1.0,False,"[5.5158954637590796e-05, 0.0002982238947879523, 1.5999666452407837]",4.873113136259379e-07,2.057465023289492e-06,2.596386612627934e-06,3.525886567796729e-08,2.309944404086183e-06,2.596386612627934e-06,3.214789565181234e-07,3.3097531105364694e-07,0.038966980026345126,0.047719978668749954,0.16847995784139239,True,[1.0]
54,31.144984750000003,31.144984750000003,313,182,18.167907770833335,18.167907770833335,1.0,False,"[0.0, 0.0, 1.600000023841858]",1.9179712193728004e-07,7.518747305699742e-07,9.7131824019148e-07,1.5997419740931525e-08,8.762947462716837e-07,9.7131824019148e-07,5.791098924461401e-07,6.683441735937739e-07,0.07625521676135616,0.03668835081881861,0.1114842954368493,True,[1.0]
55,20.337466833333334,20.337466833333334,205,117,11.664135389705882,11.664135389705882,1.0,False,"[-0.00011726228694897145, -4.558810906019062e-05, 1.59992253780365]",2.9420443001067823e-07,1.1549085478342524e-06,1.4940859265526505e-06,1.73854353995687e-07,1.341943677342605e-06,1.4940859265526505e-06,3.522133717184082e-07,3.695985210562309e-07,0.047416212473678734,0.02597999323268822,0.08908233808982935,True,[1.0]
56,6.784886208333334,6.784886208333334,69,37,3.6917763192401964,3.6917763192401964,1.0,False,"[-8.065739530138671e-05, 0.0003549231041688472, 1.699620008468628]",9.084863414452868e-07,3.9358807450841585e-06,5.583312552652997e-06,5.5705067620643526e-08,4.718884739796833e-06,5.583312552652997e-06,6.540408838963435e-07,6.825972119290676e-07,0.09708766984656111,0.0818764193368163,0.41961078542985836,True,[1.0]
57,11.484063166666667,11.484063166666667,116,52,5.192793779710145,5.192793779710145,1.0,False,"[0.0002653029514476657, -0.00021745475532952696, 1.4999216794967651]",0.00859248710407862,0.054113521348136746,0.06012436054572931,0.06012436054572931,1.7063923861484353e-06,1.8241048523653938e-06,0.057746647454735504,0.06012436054572931,0.1594571569376403,0.39999999999999997,0.5,True,[1.0]
58,7.417501666666666,7.417501666666666,76,40,3.9560008888888887,3.9560008888888887,1.0,False,"[0.00032818064210005105, -1.3543048225983512e-05, 1.7002400159835815]",8.384650927660601e-07,4.014849457220282e-06,5.595030470194399e-06,1.2430362067715517e-07,4.60812803338491e-06,5.595030470194399e-06,3.0274838589785386e-07,3.083733750455651e-07,0.05819769070846022,0.07516403020223039,0.3921457775381946,True,[1.0]
59,58.64785479166667,58.64785479166667,588,312,31.172283977853493,31.172283977853493,1.0,False,"[4.193108543404378e-05, -1.730372446218098e-06, 1.8500306606292725]",1.4638756249321686e-07,6.937546739615869e-07,1.1761998473070186e-06,1.2125651107714685e-08,9.122416615274207e-07,1.1761998473070186e-06,3.169129887853123e-08,3.176976444811498e-08,0.010516394571243171,0.012864548656340968,0.07891949525162667,True,[1.0]
60,8.918185333333334,8.918185333333334,91,45,4.459092666666667,4.459092666666667,1.0,False,"[0.0, 0.0, 1.2000000476837158]",2.90336863148379e-07,1.2734685104951465e-06,1.4507846213069257e-06,7.712800734712104e-08,1.3926852722893369e-06,1.4507846213069257e-06,9.786645725144471e-08,1.0556618820532452e-07,0.14454194951946364,0.057867984560870146,0.32964692175421895,True,[1.0]
61,8.925777833333333,8.925777833333333,91,47,4.661239535185185,4.661239535185185,1.0,False,"[-2.56888015428558e-05, 0.00028916713199578226, 1.1997441053390503]",3.124257547530779e-07,1.2474166261793534e-06,1.3866262469067004e-06,1.5568843620895798e-07,1.3349052815406411e-06,1.3866262469067004e-06,1.5457440864949453e-07,1.5652128776213196e-07,0.13842300212443423,0.07454090603824676,0.3155561241863183,True,[1.0]
62,5.98237425,5.98237425,61,30,2.991187125,2.991187125,1.0,False,"[0.0, 0.0, 1.2000000476837158]",4.2140497762583506e-07,1.8591706337550534e-06,2.083436964354104e-06,1.0429383556625835e-07,1.9860396247308834e-06,2.083436964354104e-06,1.1256378763847321e-07,1.197159952349198e-07,0.21535838130689602,0.06267610136430452,0.49114062619189824,True,[1.0]
63,8.092826958333333,8.092826958333333,82,42,4.196280645061728,4.196280645061728,1.0,False,"[7.099205686245114e-05, -0.00014778423064853996, 1.3500089645385742]",2.5022831110364486e-07,7.355621357779997e-07,7.723649106377475e-07,2.4707862297270367e-07,7.588278094202929e-07,7.723649106377475e-07,2.927080273131623e-07,3.130470025802256e-07,0.07188267766109413,0.08734211723168915,0.13478785655546646,True,[1.0]
64,22.822028708333335,22.822028708333335,230,115,11.460844111171761,11.460844111171761,1.0,False,"[0.00019270794291514903, -0.0006207888945937157, 1.6002918481826782]",2.9585754576069307e-07,1.1745333016990291e-06,1.6532098790722073e-06,7.012525781704764e-08,1.4560350604482537e-06,1.6532098790722073e-06,4.605180015136825e-07,7.958714222289884e-07,0.08323808516046152,0.025636946957031233,0.11549231484404004,True,[1.0]
65,10.287746083333333,10.287746083333333,104,52,5.1938135566343036,5.1938135566343036,1.0,False,"[0.0003081949253100902, -0.0004509412683546543, 1.5997059345245361]",6.227286125542771e-07,2.455258891141082e-06,3.301373336103599e-06,2.61697584344155e-07,2.8840325440127815e-06,3.301373336103599e-06,7.724078982571943e-07,8.304509299733488e-07,0.17169198638268143,0.05346095509783072,0.1997575203237254,True,[1.0]
66,8.115316208333333,8.115316208333333,83,35,3.4638544791666663,3.4638544791666663,1.0,False,"[0.0007198770181275904, -0.0002777231566142291, 1.1992322206497192]",3.389347295497462e-07,1.5672755231776966e-06,1.835947759246439e-06,3.3256236771833745e-08,1.773649279861145e-06,1.835947759246439e-06,9.434834597950719e-08,1.0574009263473504e-07,0.18610565961147713,0.018462788939348693,0.4252726033319813,True,[1.0]
67,11.455831458333334,11.455831458333334,116,52,5.18002813768116,5.18002813768116,1.0,False,"[0.00028516867314465344, -0.00011001594248227775, 1.399695873260498]",2.0227713252292284e-07,5.817742626405709e-07,9.115705344080483e-07,4.280238698196529e-08,2.6923177453264006e-07,2.726445251252663e-07,6.377296056816208e-07,9.115705344080483e-07,0.10648435263364617,0.05483203891717931,0.08398416789996029,True,[1.0]
68,47.31445633333333,47.31445633333333,475,232,23.15813052601969,23.15813052601969,1.0,False,"[0.0001522102829767391, -5.872158726560883e-05, 1.5998376607894897]",1.4387237911706888e-07,5.556342666099709e-07,7.735419847160596e-07,1.8171907951581207e-08,6.929023203587928e-07,7.735419847160596e-07,2.1287071385932977e-07,2.473210239175381e-07,0.04763652241638426,0.020727286120283413,0.044851355131652455,True,[1.0]
69,13.126112583333335,13.126112583333335,133,68,6.7619367853535355,6.7619367853535355,1.0,False,"[0.0, 0.0, 1.600000023841858]",4.534735014250828e-07,1.887744999530793e-06,2.480736999340025e-06,1.527331892266259e-07,2.2039135309923206e-06,2.480736999340025e-06,4.2501519960001096e-07,4.835404389977405e-07,0.12321747392408725,0.06444549562396375,0.15370118918794032,True,[1.0]
70,17.703737833333335,17.703737833333335,179,79,7.857276903558053,7.857276903558053,1.0,False,"[0.0004736224946100265, 1.8320988601772115e-05, 1.3498060703277588]",1.7442107362545558e-07,4.003444857332035e-07,4.219965953148786e-07,1.6710527536943147e-07,4.1756856556661267e-07,4.219965953148786e-07,2.7809498123898123e-07,3.7250122054133877e-07,0.0384236473252605,0.11050746758382729,0.17298641387391978,True,[1.0]
71,7.6186365,7.6186365,78,42,4.155619909090909,4.155619909090909,1.0,False,"[4.779449955094606e-05, 6.060528176021762e-05, 1.4999749660491943]",0.0050145403116916175,0.042357696091464045,0.05897306822632831,0.05897306822632831,2.0458812316236995e-06,2.198065573643244e-06,0.05520894238705648,0.05897306822632831,0.1508182514216562,0.39999999999999997,0.5,True,[1.0]
72,29.585551125,29.585551125,297,114,11.394435230574324,11.394435230574324,1.0,False,"[3.951056714868173e-05, 7.652279600733891e-05, 1.3500083684921265]",9.088106114414362e-08,2.6988566859665975e-07,2.9043532951161674e-07,1.0679476987917332e-08,2.871638655985506e-07,2.9043532951161674e-07,1.2245673185696012e-07,1.2581670972611735e-07,0.02649251474714856,0.025222535817790555,0.045527264208390116,True,[1.0]
73,7.918541875,7.918541875,81,32,3.16741675,3.16741675,1.0,False,"[0.0, 0.0, 1.350000023841858]",3.6586594939509587e-07,9.637812160268753e-07,1.023150217429355e-06,1.0879715219358419e-07,1.0078693126952482e-06,1.023150217429355e-06,4.981957365779814e-07,5.168047882293555e-07,0.0952009212409185,0.10351466394142393,0.16352195193353639,True,[1.0]
74,32.96528270833333,32.96528270833333,331,147,14.684535024621214,14.684535024621214,1.0,False,"[5.045190846431069e-05, -6.0881026001879945e-05, 1.3499959707260132]",7.625142691092935e-08,2.146085657654683e-07,2.2606669617035295e-07,3.022757775016076e-08,2.2361652096773717e-07,2.2606669617035295e-07,1.0864440479445842e-07,1.127277078707046e-07,0.020558979962133822,0.026056582049010825,0.04075817980273699,True,[1.0]
75,32.799972958333335,32.799972958333335,329,146,14.599987963160569,14.599987963160569,1.0,False,"[3.383969669812359e-05, -4.08348350902088e-05, 1.3499972820281982]",7.654116160715242e-08,2.1579543976347374e-07,2.2714984595103913e-07,3.0347779788265934e-08,2.2458254872115434e-07,2.2714984595103913e-07,1.0874172827672514e-07,1.1296657766899251e-07,0.02067970348001025,0.026175166812779344,0.040943959440790795,True,[1.0]
76,32.97840420833334,32.97840420833334,331,147,14.690380056439395,14.690380056439395,1.0,False,"[5.045190846431069e-05, -6.0881026001879945e-05, 1.3499959707260132]",7.619076182493608e-08,2.1443779519464457e-07,2.2588699106940052e-07,3.020352399945183e-08,2.2343860569657815e-07,2.2588699106940052e-07,1.0855796725509353e-07,1.1263803193827119e-07,0.02055079975064903,0.026046213346355467,0.040741964621527016,True,[1.0]
77,8.388075166666667,8.388075166666667,85,46,4.593469734126984,4.593469734126984,1.0,False,"[0.006515325512737036, 0.0002658796729519963, 1.5993163585662842]",8.603579208096433e-07,2.648173306046211e-06,3.354183479306779e-06,3.334305976358418e-07,2.9704672565753234e-06,3.354183479306779e-06,1.3287214224815932e-06,1.3415682201791065e-06,0.20738121460858253,0.06107877730086197,0.22545832567962254,True,[1.0]
78,7.91202225,7.91202225,81,35,3.461509734375,3.461509734375,1.0,False,"[-0.00016618813970126212, 0.0013142762472853065, 1.3498132228851318]",4.4965377435175927e-07,9.410676723517511e-07,1.0363883348127404e-06,1.644503414495243e-07,9.262474932462586e-07,9.410676723517511e-07,9.704147595379944e-07,1.0363883348127404e-06,0.08749120442305036,0.3040024329160549,0.4735330744419738,True,[1.0]
79,17.436073833333335,17.436073833333335,176,70,6.974429533333335,6.974429533333335,1.0,False,"[1.3046893981491679e-17, 6.30211331116135e-18, 1.350000023841858]",1.831281601798226e-07,4.4202108830808855e-07,4.723378284194072e-07,1.0338318076723778e-07,4.6661678566352497e-07,4.723378284194072e-07,2.624510530462117e-07,3.001242591399821e-07,0.06306709581899214,0.10203041750832399,0.15761964632069794,True,[1.0]
