case,planning_strategy,time_scale,acquisition_time_scale,retimed_duration_s,vertical_shift_m,position_error_max_m,position_error_p95_m,attitude_error_max_deg,attitude_error_p95_deg,attitude_ik_converged_ratio,maximum_abs_base_linear_velocity_mps,maximum_abs_base_lateral_velocity_mps,maximum_abs_base_yaw_rate_radps,maximum_abs_riser_rate_mps,maximum_abs_gimbal_rate_radps,minimum_riser_position_m,maximum_riser_position_m,maximum_abs_raw_proxy_target_rate_radps,maximum_abs_raw_proxy_target_step_rad,position_p95_bounded,position_max_bounded,attitude_p95_bounded,attitude_max_bounded,attitude_adapter_converged,base_linear_velocity_bounded,base_lateral_velocity_bounded,base_yaw_rate_bounded,riser_rate_bounded,proxy_joint_rate_bounded,raw_proxy_target_rate_bounded,riser_lower_bound,riser_upper_bound,passed
1,joint_adaptive,1.0,1.0,25.12368904166667,0.0,0.007082676383169789,0.0022801758404505075,1.2839244511863197e-07,1.2839239344954537e-07,1.0,0.04715729775735531,1.2005948549299464e-15,0.25,0.07195974889679095,0.3743074108367032,0.735357938179863,1.199999999622571,0.3743074108367032,0.03731739284068514,True,True,True,True,True,True,True,True,True,True,True,True,True,True
2,fixed_path,1.0,1.0,13.757301791666666,0.0,0.03645179265442321,0.035519946411806044,1.2839388504160693e-07,1.2839383862874035e-07,1.0,0.1066074443158359,3.4764574413667765e-10,0.25,0.1516646787123588,0.25245594267829014,0.7534091792682448,1.199999999622571,0.25245594267829014,0.025167482554528497,True,True,True,True,True,True,True,True,True,True,True,True,True,True
3,fixed_path,1.0,1.0,7.789087791666667,0.0,0.020973638392864077,0.01947714027908443,1.283932082639588e-07,1.2839317910635305e-07,1.0,0.16473209001226916,5.241250067276422e-10,0.2500000000000003,0.2161890417385436,0.25162278753913325,0.7464263045544285,1.199999999622571,0.2516227875391323,0.02512707669905358,True,True,True,True,True,True,True,True,True,True,True,True,True,True
4,joint_adaptive,1.0,1.0,22.291202374999997,0.0,0.00963422373968175,0.009374774547574445,1.2839265703908494e-07,1.2839262418260123e-07,1.0,0.018433330245844152,1.647553080012903e-15,0.25,0.1970308773292085,0.2494743829094733,3.7939279160473037e-29,1.199999999622571,0.2494743829094733,0.0249375962188938,True,True,True,True,True,True,True,True,True,True,True,True,True,True
5,joint_adaptive,1.0,1.0,23.27137133333333,0.0,0.009613569410685346,0.00937428632734695,1.283926543026542e-07,1.283926199611461e-07,1.0,0.01769535854456038,1.4350785503717388e-15,0.25,0.18743910160961946,0.24948783086600493,2.5239311921194726e-31,1.199999999622571,0.24948783086600493,0.024918128563221842,True,True,True,True,True,True,True,True,True,True,True,True,True,True
6,joint_adaptive,1.0,1.0,12.3152785,0.0,0.07133985232980065,0.05920072142426874,1.28392318772825e-07,1.2839228453134499e-07,1.0,0.046944214263192854,1.7686269745549147e-15,0.25,0.36554790671770593,0.25069024837596987,4.2707496516786955e-32,1.199999999622571,0.25069024837597015,0.024897743757937657,True,True,True,True,True,True,True,True,True,True,True,True,True,True
7,fixed_path,1.0,1.0,17.247189249999998,0.0,0.08049865907635394,0.07978533339401139,1.2839474205219853e-07,1.2839472641893563e-07,1.0,0.07781972850450931,1.6416284302196064e-10,0.25,0.2992433659327465,0.28685247066608127,7.703719777548943e-34,1.2,0.2868524706660824,0.028597681204670544,True,True,True,True,True,True,True,True,True,True,True,True,True,True
8,fixed_path,1.0,1.0,18.028425458333334,0.0,0.080340732002371,0.0797513475835214,1.2839474029648058e-07,1.283947310296994e-07,1.0,0.0755866493990179,1.5843354441539273e-10,0.25000000000000006,0.27384237177321497,0.27923507055984204,9.107298248878237e-17,1.2,0.2792350705598415,0.02781308649138431,True,True,True,True,True,True,True,True,True,True,True,True,True,True
9,fixed_path,1.0,1.0,13.382477083333333,0.0,0.08072599277366795,0.07992770520902322,1.2839474409225619e-07,1.283947337784914e-07,1.0,0.10019794656593876,7.05675747014145e-10,0.25,0.3849026048309454,0.3184632117813162,1.0691058840368783e-50,1.2,0.3184632117813173,0.0318046763697627,True,True,True,True,True,True,True,True,True,True,True,True,True,True
10,fixed_path,1.0,1.0,8.746370875,0.0,0.06483049602718022,0.06455947984959104,1.2839329573882636e-07,1.2839328196113362e-07,1.0,0.17805690576496244,7.858069464872093e-11,0.25,0.21888418685986571,0.29321216596387617,0.744347218837741,1.199999999622571,0.29321216596387617,0.02914252668843309,True,True,True,True,True,True,True,True,True,True,True,True,True,True
11,fixed_path,1.0,1.0,8.585959875,0.0,0.03833239311941852,0.036636619241197065,1.2839262847509562e-07,1.2839262090102336e-07,1.0,0.16437326465907082,4.038572006235744e-12,0.25000000000000006,0.22886824007029768,0.24587965060268477,0.7440301797477904,1.199999999622571,0.24587965060268296,0.024547823420391343,True,True,True,True,True,True,True,True,True,True,True,True,True,True
12,fixed_path,1.0,1.0,20.305637750000002,0.0,0.057670277410314476,0.057585411279617346,1.2839408101869162e-07,1.2839406901452203e-07,1.0,0.08751280265021222,3.632626975758263e-11,0.25,0.25546249032753077,0.2792597702886055,0.35323124668729605,1.199999999622571,0.27925977028860494,0.027796802615826566,True,True,True,True,True,True,True,True,True,True,True,True,True,True
13,joint_adaptive,1.0,1.0,12.890654625,0.0,0.0548314496085811,0.04761235931781801,1.283952134208654e-07,1.2839496619256308e-07,1.0,0.039558875764103885,1.559670522630897e-16,0.25,0.12295327460219777,0.24053107596917164,0.7398020337709585,1.199999999622571,0.24053107596917164,0.024035682379055956,True,True,True,True,True,True,True,True,True,True,True,True,True,True
14,joint_adaptive,1.0,1.0,7.1692422916666665,0.0,0.07038637189662544,0.05640644184894909,1.2839409345921044e-07,1.2839389095625176e-07,1.0,0.056180734428237934,1.2331267593958775e-15,0.25,0.22118680485539116,0.2256132622635038,0.7162467307185815,1.199999999622571,0.2256132622635038,0.02246494640806107,True,True,True,True,True,True,True,True,True,True,True,True,True,True
15,fixed_path,1.0,1.0,6.923560625,0.0,0.11651028339196852,0.11027291644827424,1.2839554019508416e-07,1.2839552863226577e-07,1.0,0.14695950221614615,4.209301539323252e-16,0.25,0.23099524645102562,0.40690757155835694,0.7315249394557287,1.2,0.40690757155835694,0.04024641772079729,True,True,True,True,True,True,True,True,True,True,True,True,True,True
16,joint_adaptive,1.0,1.0,11.442305874999999,0.0,6.277582042306367e-07,3.8966289264093376e-07,1.283930100355786e-07,1.2839297213945432e-07,1.0,0.011170711802859404,3.4733196542145254e-16,0.1553900410733696,0.13327112592275564,0.13580415089195458,0.7360906967000875,1.199999999622571,0.13580415089195458,0.013512283770438227,True,True,True,True,True,True,True,True,True,True,True,True,True,True
17,fixed_path,1.0,1.0,11.035999791666669,0.0,0.12179750647433175,0.12081222039348669,1.2839225409380937e-07,1.2839223762098946e-07,1.0,0.1457953034070627,8.331943267020046e-12,0.25000000000000056,0.1520517750181435,0.3093014367830514,0.7389415014421411,1.199999999622571,0.30930143678305194,0.0307518071342337,True,True,True,True,True,True,True,True,True,True,True,True,True,True
18,fixed_path,1.0,1.0,11.2398885625,0.0,0.15145397984103137,0.1463570907495889,1.283951811857524e-07,1.283951484187388e-07,1.0,0.09972240290138056,2.546549923022615e-16,0.25,0.14617559634390398,0.25624616914704806,0.7314788493094729,1.199999999622571,0.25624616914704956,0.03840237847707173,True,True,True,True,True,True,True,True,True,True,True,True,True,True
19,joint_adaptive,1.0,1.0,16.335658041666665,0.0,0.03694990582149922,0.03301980969787537,1.2839221460412535e-07,1.283921984011579e-07,1.0,0.04056757881718148,3.840403331605228e-15,0.25,0.061810693269104745,0.24058168707760383,0.8825598993368601,1.199999999622571,0.24058168707760383,0.023963781531628037,True,True,True,True,True,True,True,True,True,True,True,True,True,True
20,fixed_path,1.0,1.0,50.83595604166666,0.0,0.045744799580607544,0.04431160778015516,1.2839409341846768e-07,1.2839407754064318e-07,1.0,0.04175762373000259,1.0838390780311793e-10,0.25,0.06580365890820988,0.24669217281281336,0.766445612634307,1.199999999622571,0.246692172812814,0.024638177707142335,True,True,True,True,True,True,True,True,True,True,True,True,True,True
21,joint_adaptive,1.0,1.0,19.039222791666667,0.0,2.9589391604314383e-06,2.2003163710540095e-06,1.2839224010673033e-07,1.283922101366746e-07,1.0,0.012178445427818615,3.654038422950008e-16,0.23983419132074177,0.09895322136638865,0.21032175441021972,0.6807367738903416,1.199999999622571,0.21032175441021972,0.02096524994843163,True,True,True,True,True,True,True,True,True,True,True,True,True,True
22,joint_adaptive,1.0,1.0,15.090589875,0.0,0.005414201093790342,0.005236221001571594,1.2839233247879124e-07,1.2839222381474113e-07,1.0,0.018309166753499497,3.572639702191953e-16,0.25,0.025516598235849546,0.22222991563455138,1.1313335727454583,1.2,0.22222991563455138,0.02220914248209871,True,True,True,True,True,True,True,True,True,True,True,True,True,True
23,joint_adaptive,1.0,1.0,20.479395684313722,0.0,0.046025054719778136,0.041663234373837045,1.2839529476809637e-07,1.2839437170311684e-07,1.0,0.016448769076091652,9.111855222170048e-16,0.11785997940521988,5.826445515953068e-10,0.41017403034388444,1.199999999622571,1.2,0.41017403034388444,0.26505221230327125,True,True,True,True,True,True,True,True,True,True,True,True,True,True
24,joint_adaptive,1.0,1.0,17.24615385526316,0.0,1.9677151132503932e-07,1.926842205157872e-07,1.2839539573275426e-07,1.2839486495222694e-07,1.0,0.020455151795829605,8.96976608631052e-16,0.1583981199913961,0.04475077724344987,0.41321813851462186,0.8764184408010737,1.199999999622571,0.41321813851462186,0.1843040584295328,True,True,True,True,True,True,True,True,True,True,True,True,True,True
25,joint_adaptive,1.0,1.0,11.426997458333332,0.0,0.1453633253702563,0.13121025957363067,1.283925330628552e-07,1.283924273867202e-07,1.0,0.12494816608529682,5.941195820088424e-16,0.25,0.1255743495409042,0.22332425613609014,0.7605612244495445,1.199999999622571,0.22332425613609014,0.022190658323924417,True,True,True,True,True,True,True,True,True,True,True,True,True,True
26,joint_adaptive,1.0,1.0,16.420349666666667,0.0,0.0883746860721119,0.08753515505654091,1.2839253479181392e-07,1.2839242419848987e-07,1.0,0.09435235959055323,1.5508481910401455e-15,0.25,0.04129670900897251,0.2298713999142295,0.9603613951823455,1.199999999622571,0.2298713999142295,0.02287617433307787,True,True,True,True,True,True,True,True,True,True,True,True,True,True
27,joint_adaptive,1.0,1.0,29.539172916666665,0.0,0.06575365717636016,0.05588140997033221,1.283922167951576e-07,1.283921767154674e-07,1.0,0.04432446586853049,6.409965097433002e-16,0.25,0.06285344170283917,0.3001265296322349,0.7557399074283646,1.199999999622571,0.3001265296322349,0.02995097789083001,True,True,True,True,True,True,True,True,True,True,True,True,True,True
28,joint_adaptive,1.0,1.0,37.193848625,0.0,0.08582205559434078,0.08345805169350289,1.283922130834287e-07,1.2839216383090643e-07,1.0,0.05015095210841634,4.4181090403768635e-14,0.25,0.15498536007312175,0.25169920450330324,0.2899390853732809,1.199999999622571,0.25169920450330324,0.025165758363787205,True,True,True,True,True,True,True,True,True,True,True,True,True,True
29,fixed_path,1.0,1.0,8.3244225,0.0,0.022657258037211112,0.022484927485385175,1.2839340644228968e-07,1.2839339624724525e-07,1.0,0.1679152311114249,1.0747121345264573e-09,0.25000000000000006,0.2201443390614684,0.24586156707061607,0.7535725781172322,1.199999999622571,0.24586156707061385,0.02436494715247473,True,True,True,True,True,True,True,True,True,True,True,True,True,True
30,fixed_path,1.0,1.0,15.267422416666667,0.0,0.03166747875340155,0.029726104724175913,1.2839389070442905e-07,1.2839377116122443e-07,1.0,0.14204545169893465,4.174616790708282e-09,0.25,0.184013656131021,0.24622052038211337,0.7529793492441151,1.199999999622571,0.2462205203821129,0.024569625440034003,True,True,True,True,True,True,True,True,True,True,True,True,True,True
31,fixed_path,1.0,1.0,14.640981,0.0,0.0317366515692444,0.029796794556506287,1.2839388752118352e-07,1.2839376883859728e-07,1.0,0.14256905593590855,1.2330436709787765e-09,0.25,0.28517308790085194,0.2459832781903543,0.6029793776412683,1.199999999622571,0.2459832781903563,0.024499568042875654,True,True,True,True,True,True,True,True,True,True,True,True,True,True
32,fixed_path,1.0,1.0,8.289792083333333,0.0,0.041409641367087864,0.03666503840575641,1.283941589143491e-07,1.2839395016267036e-07,1.0,0.16120197039574988,2.237936217352631e-10,0.25000000000000006,0.22488190904362673,0.25183699741868665,0.7558032502131599,1.199999999622571,0.25183699741868665,0.025152727078215253,True,True,True,True,True,True,True,True,True,True,True,True,True,True
33,joint_adaptive,1.0,1.0,36.976044333333334,0.0,0.005024265877273567,0.004317143314432625,1.2839221462086248e-07,1.2839218977242904e-07,1.0,0.019943572487228757,9.129472162329205e-16,0.25,0.11689350096831948,0.2691200079361527,1.8517816415283273e-30,1.199999999622571,0.2691200079361527,0.02689457660657757,True,True,True,True,True,True,True,True,True,True,True,True,True,True
34,fixed_path,1.0,1.0,14.628629166666666,0.0,0.026864967420991603,0.026475908620862704,1.2839309124096098e-07,1.283930695086338e-07,1.0,0.14518372035036411,1.474083652953912e-10,0.2500000000000001,0.09313057752909042,0.24630746529463746,0.9547245149084657,1.199999999622571,0.24630746529463773,0.024511160345420918,True,True,True,True,True,True,True,True,True,True,True,True,True,True
35,fixed_path,1.0,1.0,10.819482875,0.0,0.09634908822150133,0.05875341404216824,1.2839267908608698e-07,1.2839266258833706e-07,1.0,0.12919093780458601,4.77521114536829e-11,0.25000000000000006,0.08410547851394595,0.24649117956912953,0.9293377453171527,1.199999999622571,0.24649117956912758,0.024467037579694734,True,True,True,True,True,True,True,True,True,True,True,True,True,True
36,fixed_path,1.0,1.0,16.142234541666667,0.0,0.11326820204752876,0.11317740047687766,1.283922038944763e-07,1.2839166484043165e-07,1.0,0.0884556069627758,5.381514608664904e-11,0.25,0.0693103732581226,0.2470327722164136,0.8944982298054728,1.199999999622571,0.24703277221641137,0.024615191040712636,True,True,True,True,True,True,True,True,True,True,True,True,True,True
37,fixed_path,1.0,1.0,9.279348416666668,0.0,0.09434214287274965,0.08977320418497256,1.283922080763275e-07,1.2839167176420496e-07,1.0,0.15877259947712286,7.550932735990247e-11,0.25,0.18566445656526115,0.2506091521557518,0.7365783931646673,1.199999999622571,0.2506091521557496,0.025005264938265048,True,True,True,True,True,True,True,True,True,True,True,True,True,True
38,joint_adaptive,1.0,1.0,25.200210333333334,0.0,1.1893380018803543e-06,1.1390510607864432e-06,1.28392213226534e-07,1.283921204478961e-07,1.0,0.005419978184483878,5.408461900673589e-16,0.21069290083654763,0.06726726809772973,0.10395642574044782,0.7182136015780524,1.199999999622571,0.10395642574044782,0.010354639502611951,True,True,True,True,True,True,True,True,True,True,True,True,True,True
39,joint_adaptive,1.0,1.0,23.006836958333334,0.0,1.3045364358869027e-06,1.2565705628762502e-06,1.283922170964464e-07,1.2839212710912967e-07,1.0,0.005961874696955538,5.587201011347685e-16,0.2312466158872983,0.0738459928641918,0.1141178195842939,0.7181950880134883,1.199999999622571,0.1141178195842939,0.0113657578753954,True,True,True,True,True,True,True,True,True,True,True,True,True,True
40,joint_adaptive,1.0,1.0,12.796546416666667,0.0,0.051630008025578086,0.05061325338696823,1.2839221955156433e-07,1.283921404859223e-07,1.0,0.021672184211206914,3.052852809420226e-16,0.25,0.07570851130867019,0.3114028749276599,0.9456856005110362,1.199999999622571,0.3114028749276599,0.03113188549449397,True,True,True,True,True,True,True,True,True,True,True,True,True,True
41,fixed_path,1.0,1.0,9.824160612777778,0.0,0.10129755333910241,0.09699511532299282,1.2839565234167002e-07,1.2839563763862162e-07,1.0,0.13322997751899512,8.007968995923033e-11,0.2500000000000002,0.14535120239823468,0.40709438489383576,0.8444176944430342,1.199999999622571,0.40709438489383576,0.05267648235343603,True,True,True,True,True,True,True,True,True,True,True,True,True,True
42,fixed_path,1.0,1.0,16.204934625,0.0,0.10273324262495055,0.10230741185536607,1.283956721766886e-07,1.2839565040055342e-07,1.0,0.11173513904116328,1.3914900268150277e-11,0.25000000000000056,0.07193817352908022,0.3289764315579556,0.9055266174970593,1.2,0.3289764315579533,0.03270577648197803,True,True,True,True,True,True,True,True,True,True,True,True,True,True
43,joint_adaptive,1.0,1.0,7.511265333333334,0.0,0.012785667581958699,0.007200679082858772,1.2839260403894562e-07,1.2839259332143996e-07,1.0,0.07356590529141496,4.152184526794949e-16,0.25,0.1293945126431776,0.2459719649937016,0.8922549187701064,1.199999999622571,0.2459719649937016,0.02431000912669834,True,True,True,True,True,True,True,True,True,True,True,True,True,True
44,joint_adaptive,1.0,1.0,13.516440708333334,0.0,0.007678801581510991,0.00538511068731896,1.2839582849641337e-07,1.2839576322314124e-07,1.0,0.045966732802121706,1.647811644318705e-15,0.25,0.13360435006731805,0.24761149666974075,0.7749254040351916,1.199999999622571,0.24761149666974075,0.024609015539986956,True,True,True,True,True,True,True,True,True,True,True,True,True,True
45,fixed_path,1.0,1.0,11.943113541666667,0.0,0.15245876611972142,0.14901469114847316,1.2839466196887757e-07,1.2839463112023738e-07,1.0,0.17157449754072085,9.719430721840371e-10,0.25,0.16615166720279667,0.3204433129976035,0.7040467607728194,1.2,0.3204433129976018,0.03189242392331809,True,True,True,True,True,True,True,True,True,True,True,True,True,True
46,joint_adaptive,1.0,1.0,15.692745666666667,0.0,3.376505089169938e-07,3.302500875442749e-07,1.283936735732729e-07,1.2839354998836046e-07,1.0,0.023392075843375597,4.420166232447805e-16,0.07204106206801845,0.134602374241781,0.04364249598392857,0.5964320975089952,1.199999999622571,0.04364249598392857,0.004362233055632547,True,True,True,True,True,True,True,True,True,True,True,True,True,True
47,joint_adaptive,1.0,1.0,16.529864125,0.0,3.442260859144681e-07,3.352608481398774e-07,1.2839365808575934e-07,1.283935524055105e-07,1.0,0.019251552750430046,7.237814087628909e-16,0.07312621595526704,0.24522946430049244,0.039555176817312875,0.19643776504674568,1.199999999622571,0.039555176817312875,0.003938805411027299,True,True,True,True,True,True,True,True,True,True,True,True,True,True
48,joint_adaptive,1.0,1.0,28.168623583333332,0.0,2.5567170514621033e-07,2.4878463413014503e-07,1.283923305759708e-07,1.283923109737955e-07,1.0,0.005237615218805679,5.468430458642976e-16,0.05411095083563915,0.13887536620454247,0.026340457734906432,0.19362485760541284,1.199999999622571,0.026340457734906432,0.002631115031727957,True,True,True,True,True,True,True,True,True,True,True,True,True,True
49,joint_adaptive,1.0,1.0,52.14104541666667,0.0,7.519626500245462e-07,6.546902992030757e-07,1.2839222283108177e-07,1.2839220141137594e-07,1.0,0.011416962803552857,4.80573270429628e-15,0.14523185746437112,0.07478345302922093,0.14728207199134738,0.18526710031304655,1.199999999622571,0.14728207199134738,0.014711573189198024,True,True,True,True,True,True,True,True,True,True,True,True,True,True
50,joint_adaptive,1.0,1.0,38.017315125,0.0,0.0030258624965211413,1.1450420635381264e-06,1.2839222308726013e-07,1.2839220231932827e-07,1.0,0.01689122642041419,1.5320499282126508e-15,0.22145727224157719,0.10995597951576808,0.224593529166582,1.6840571853873998e-21,1.199999999622571,0.224593529166582,0.022410611478639098,True,True,True,True,True,True,True,True,True,True,True,True,True,True
51,joint_adaptive,1.0,1.0,18.155214791666666,0.0,2.938061229503852e-07,2.887501596419782e-07,1.2839343960041166e-07,1.2839336795703043e-07,1.0,0.03577666105663409,1.095571691318108e-15,0.06695412769940774,0.055437056556522805,0.06594802789986422,0.8754719534684275,1.199999999622571,0.06594802789986422,0.006578574789059655,True,True,True,True,True,True,True,True,True,True,True,True,True,True
52,joint_adaptive,1.0,1.0,25.36380275,0.0,5.630892034781057e-07,4.7045794756448225e-07,1.2839388831526963e-07,1.283938443410031e-07,1.0,0.022200375174200707,4.3491051873094887e-16,0.13621752425363665,0.024820614152272512,0.13676055910928378,0.9486763050274821,1.199999999622571,0.13676055910928378,0.01365656631979384,True,True,True,True,True,True,True,True,True,True,True,True,True,True
53,joint_adaptive,1.0,1.0,11.24285425,0.0,7.320982177664511e-07,7.194027620451021e-07,1.2839221854576074e-07,1.2839220743988773e-07,1.0,0.01591315155660294,2.3129158643531843e-16,0.14569627956797282,0.05876948473492891,0.24402212907663443,0.9972691915393759,1.199999999622571,0.24402212907663498,0.02427880735383431,True,True,True,True,True,True,True,True,True,True,True,True,True,True
54,joint_adaptive,1.0,1.0,31.144984750000003,0.0,7.376026749910716e-07,5.661124807953067e-07,1.2839483472125132e-07,1.2839478057991764e-07,1.0,0.010930101341623828,1.310672091929102e-15,0.17693905124674159,0.020304988600863952,0.17455885243878247,0.9876223939708971,1.199999999622571,0.17455885243878247,0.01742510511917761,True,True,True,True,True,True,True,True,True,True,True,True,True,True
55,joint_adaptive,1.0,1.0,20.337466833333334,0.0,2.928283832295986e-07,2.5563993496748114e-07,1.283934753304946e-07,1.2839335177135585e-07,1.0,0.035889832330961505,2.486922609402838e-15,0.06429655598145569,0.03176628193688783,0.06540600743578581,0.986883359666546,1.199999999622571,0.06540600743578584,0.006520551504539455,True,True,True,True,True,True,True,True,True,True,True,True,True,True
56,joint_adaptive,1.0,1.0,6.784886208333334,0.0,4.7519692508829835e-07,4.2805636806625496e-07,1.2839340851513537e-07,1.2839337178078708e-07,1.0,0.01766419875022203,1.0686881204054449e-15,0.16841616204274842,0.059760193037081355,0.3642959296057683,1.0706936493705077,1.199999999622571,0.3642959296057683,0.036348623949031655,True,True,True,True,True,True,True,True,True,True,True,True,True,True
57,fixed_path,1.0,1.0,11.484063166666667,0.0,0.05787548966934743,0.05089740872939778,1.2839280622894683e-07,1.2839278366517303e-07,1.0,0.1267947473680029,8.164519159211534e-12,0.25000000000000056,0.10345496188965629,0.2760057192237651,0.8928214573652259,1.199999999622571,0.27600571922376704,0.027562322729800054,True,True,True,True,True,True,True,True,True,True,True,True,True,True
58,joint_adaptive,1.0,1.0,7.417501666666666,0.0,3.8878385311764236e-07,3.7972707435521343e-07,1.283934174122253e-07,1.2839337426655985e-07,1.0,0.03454762205821355,2.023834465054398e-15,0.09931613509684721,0.05280365454475386,0.34551303961393565,1.060237959263135,1.199999999622571,0.34551303961393565,0.03417124729588572,True,True,True,True,True,True,True,True,True,True,True,True,True,True
59,joint_adaptive,1.0,1.0,58.64785479166667,0.0,0.03402059339803705,0.03397100259854092,1.2839359884194125e-07,1.2839355200295995e-07,1.0,0.004274961375142885,8.680990185815725e-16,0.025833942129488162,3.312319663027695e-09,0.04399312564792843,1.199999999622571,1.2,0.04399312564792843,0.004395404505674938,True,True,True,True,True,True,True,True,True,True,True,True,True,True
60,joint_adaptive,1.0,1.0,8.918185333333334,0.0,0.034175487937016504,0.01731423861514809,1.2839302360986884e-07,1.283929957617113e-07,1.0,0.03576686136149143,1.7643145371049241e-16,0.25,0.23766531932237914,0.22590221947167313,0.5896001060071498,1.199999999622571,0.22590221947167313,0.022384865116219288,True,True,True,True,True,True,True,True,True,True,True,True,True,True
61,fixed_path,1.0,1.0,8.925777833333333,0.0,0.11181701316414999,0.1061755940691915,1.283922049772829e-07,1.2839169326231213e-07,1.0,0.10019402438693017,1.5639880502553455e-12,0.25000000000000056,0.2322267552621322,0.2551937358588908,0.5875647745230351,1.199999999622571,0.2551937358588908,0.025308917674831122,True,True,True,True,True,True,True,True,True,True,True,True,True,True
62,joint_adaptive,1.0,1.0,5.98237425,0.0,0.05648122525496822,0.0380984317652715,1.283929039197882e-07,1.2839287560707598e-07,1.0,0.02641108734980099,4.284342350791132e-16,0.25,0.3538494452769947,0.21141592412911347,0.5953597757071851,1.199999999622571,0.21141592412911347,0.021079486342499454,True,True,True,True,True,True,True,True,True,True,True,True,True,True
63,joint_adaptive,1.0,1.0,8.092826958333333,0.0,0.047760878848476955,0.030546752371497878,1.2839289368256103e-07,1.2839287349309186e-07,1.0,0.021062811539935337,6.595079046094577e-16,0.25,0.1932592078528861,0.22048949053756553,0.7450130459535277,1.199999999622571,0.22048949053756553,0.02202942337100744,True,True,True,True,True,True,True,True,True,True,True,True,True,True
64,joint_adaptive,1.0,1.0,22.822028708333335,0.0,0.14095969580117457,0.11364981774016046,1.2839376165068786e-07,1.2839366475838338e-07,1.0,0.05696484384040949,2.1322964286724392e-16,0.25,0.03156968259893751,0.24315244814200307,0.9986404992906543,1.199999999622571,0.24315244814200307,0.02423245481222036,True,True,True,True,True,True,True,True,True,True,True,True,True,True
65,fixed_path,1.0,1.0,10.287746083333333,0.0,0.11810035892607224,0.11808272934868404,1.283937116672874e-07,1.2839368253630552e-07,1.0,0.14022380817959723,1.5195107495919544e-09,0.25000000000000006,0.07078703236744066,0.2577737599897054,0.9892914872053751,1.199999999622571,0.2577737599897054,0.025746708638060056,True,True,True,True,True,True,True,True,True,True,True,True,True,True
66,fixed_path,1.0,1.0,8.115316208333333,0.0,0.021229281292330947,0.01931538797676687,1.2839314105067003e-07,1.2839307161553238e-07,1.0,0.16988307342050768,1.902435988135795e-10,0.25000000000000006,0.3106253709200359,0.25095205328442727,0.5792352285175689,1.199999999622571,0.2509520532844256,0.02483603982358079,True,True,True,True,True,True,True,True,True,True,True,True,True,True
67,fixed_path,1.0,1.0,11.455831458333334,0.0,0.02500270063042712,0.022477827205139446,1.2839318285770718e-07,1.2839310586689522e-07,1.0,0.12709623025014197,4.0971858030217615e-10,0.25,0.1393177855974402,0.25041714438324336,0.7793304118517818,1.199999999622571,0.2504171443832442,0.024945535655057055,True,True,True,True,True,True,True,True,True,True,True,True,True,True
68,joint_adaptive,1.0,1.0,47.31445633333333,0.0,0.002219348501248887,9.104501973046644e-07,1.2839222598968653e-07,1.283922078179923e-07,1.0,0.03490133700170422,3.5116987773906576e-15,0.25,0.016359459503343284,0.25954504356098695,0.9792046936449519,1.199999999622571,0.25954504356098695,0.025907663776582712,True,True,True,True,True,True,True,True,True,True,True,True,True,True
69,joint_adaptive,1.0,1.0,13.126112583333335,0.0,0.03170849619500124,0.018223056498360833,1.2839522797380846e-07,1.2839480097235126e-07,1.0,0.0770125358324482,2.5513141450770613e-16,0.25,0.05236725111899729,0.24026552025416237,0.9999357681308912,1.199999999622571,0.24026552025416237,0.023892062642040024,True,True,True,True,True,True,True,True,True,True,True,True,True,True
70,joint_adaptive,1.0,1.0,17.703737833333335,0.0,0.04046218526811963,0.039123363708389806,1.283927800346145e-07,1.2839256256868554e-07,1.0,0.05189181040375536,2.2892045504199447e-16,0.25,0.10161446788651587,0.30730752498984315,0.7174099511439153,1.199999999622571,0.30730752498984315,0.030564560992307754,True,True,True,True,True,True,True,True,True,True,True,True,True,True
71,joint_adaptive,1.0,1.0,7.6186365,0.0,0.00964412877801927,0.005493295769197834,1.2839221492016277e-07,1.2839219780647635e-07,1.0,0.12245635073969684,6.4749696230512734e-15,0.25,0.13193684209681866,0.2672497560437344,0.8208592020518523,1.199999999622571,0.2672497560437344,0.026442581117024577,True,True,True,True,True,True,True,True,True,True,True,True,True,True
72,joint_adaptive,1.0,1.0,35.832500264569255,0.0,0.01911247565087063,0.017764525527644525,1.2839390632171162e-07,1.2839364779391683e-07,1.0,0.030175700449766266,1.1363377801165745e-14,0.25,0.030179155952461,0.3710100255911925,0.7956555906685961,1.199999999622571,0.3710100255911925,0.05562433824332347,True,True,True,True,True,True,True,True,True,True,True,True,True,True
73,joint_adaptive,1.0,1.0,7.918541875,0.0,0.01549308380048552,0.012964110330180663,1.2839584363263098e-07,1.2839581881497106e-07,1.0,0.06592148707907348,2.0154538841769553e-16,0.25,0.225084729203486,0.4071348610773153,0.7835848211531634,1.199999999622571,0.4071348610773153,0.04029893057766287,True,True,True,True,True,True,True,True,True,True,True,True,True,True
74,joint_adaptive,1.0,1.0,32.96528270833333,0.0,1.4395771317046337e-06,1.112484355922028e-06,1.283949350903342e-07,1.2839478199841987e-07,1.0,0.016626205578698674,9.688051851900906e-16,0.22958619190591967,0.05128476335012321,0.23321640205714225,0.7648475626462136,1.199999999622571,0.23321640205714225,0.023297104927376022,True,True,True,True,True,True,True,True,True,True,True,True,True,True
75,joint_adaptive,1.0,1.0,32.799972958333335,0.0,1.39514097220025e-06,1.1094725702304245e-06,1.2839491761993364e-07,1.2839479979441652e-07,1.0,0.01671439467956551,3.8380788548684556e-16,0.2300539756371988,0.0515585457458827,0.23397394110085343,0.764839244796736,1.199999999622571,0.23397394110085343,0.02339737482031312,True,True,True,True,True,True,True,True,True,True,True,True,True,True
76,joint_adaptive,1.0,1.0,32.97840420833334,0.0,1.4378769331314456e-06,1.1115986959302324e-06,1.2839490725754409e-07,1.2839478736037353e-07,1.0,0.01661959039824436,4.949911722945013e-16,0.22949486138476105,0.05126435813792815,0.2331236107839488,0.7648475626392255,1.199999999622571,0.2331236107839488,0.02329710505133109,True,True,True,True,True,True,True,True,True,True,True,True,True,True
77,fixed_path,1.0,1.0,8.388075166666667,0.0,0.03633193060335769,0.03607945979100803,1.2839386732805986e-07,1.2839386240987536e-07,1.0,0.16296945165263302,6.536978153252434e-10,0.052050295011489826,0.07923900886430707,0.14469828693602532,0.9330721415906734,1.199999999622571,0.14469828693602532,0.014449286991753407,True,True,True,True,True,True,True,True,True,True,True,True,True,True
78,fixed_path,1.0,1.0,7.91202225,0.0,0.12646406133254331,0.12642645350490853,1.2839220301135937e-07,1.28391759610875e-07,1.0,0.2020705069958456,1.8706873930641774e-10,0.25,0.23230210684304506,0.2644934057506633,0.7400196228965974,1.199999999622571,0.2644934057506633,0.02615847139096905,True,True,True,True,True,True,True,True,True,True,True,True,True,True
79,joint_adaptive,1.0,1.0,26.15411075,0.0,0.07777843320641381,0.07580204312217902,1.2839577371717489e-07,1.2839569616455906e-07,1.0,0.0697654232875271,8.850507900585232e-16,0.25,0.07722888445322332,0.24122367103715675,0.7060022690995567,1.199999999622571,0.24122367103715675,0.036051374901870936,True,True,True,True,True,True,True,True,True,True,True,True,True,True
