case,source_samples,candidate_samples,source_duration_s,acquisition_duration_s,acquisition_steps,position_error_mean_m,position_error_p95_m,position_error_max_m,semantic_position_error_p95_m,semantic_position_error_max_m,source_fk_max_error_m,package_q_max_error_rad,package_time_max_error_s,package_attitude_max_error_deg,maximum_arm_gravity_effort_nm,gravity_effort_tolerance_nm,full_pose_anchor_position_error_m,full_pose_anchor_attitude_error_deg,physical_gimbal_ik_nonconverged_indices,physical_gimbal_ik_max_error_deg,physical_gimbal_rate_max_radps,semantic_retimed_interval_count,pre_gimbal_retime_duration_s,retargeted_duration_s,physical_gimbal_path_exported,arm_acquisition_plan,arm_acquisition_predicted_gravity_max_nm,passed,recovery_status
1,22,389,2.1,33.4,334,0.004408392738676957,0.03930097834663082,0.04901730329069785,0.045777834535677665,0.04901730329069785,8.181263480232808e-10,2.9614597440996704e-08,1.4901161138336505e-09,3.4150945850063755e-06,29.500745533539426,0.01,2.6924018003298866e-07,4.417781292343293e-05,[],0.053035549528447044,0.25000000000001416,13,2.1,38.8,False,direct_quintic,27.503751739743617,True,
2,26,374,2.5,32.1,321,0.005395003403852668,0.04451273401895157,0.049664922513634614,0.04877560371622701,0.049664922513634614,9.246419505557768e-10,5.556670124029495e-08,1.4901161138336505e-09,4.829673078902933e-06,29.5091129373759,0.01,1.4009172577662713e-08,3.394152320027214e-05,[],0.06748115032202041,0.2500000000000133,13,2.5,37.3,False,direct_quintic,28.583882026111947,True,
3,19,370,1.8,34.5,345,0.0019645078559985337,0.009067759173373907,0.04810686284011278,0.047574436035017056,0.04810686284011278,9.249924272093849e-10,4.4622936901106414e-08,1.4901161138336505e-09,4.829673078902933e-06,29.508282457868514,0.01,1.2212362769398184e-07,4.953779683963386e-06,[],0.06834444872715224,0.2500000000000133,4,1.8,36.9,False,direct_quintic,26.445994889456866,True,
4,16,441,1.5,42.5,425,9.110155761088058e-06,0.0,0.00030359821304491486,0.0003031238755320138,0.00030359821304491486,1.2520328078468319e-09,5.3288320644995224e-08,1.4901161138336505e-09,3.818191820832845e-06,29.37135479186281,0.01,6.83763330659234e-08,4.34710704584831e-06,[],0.0002709148738928341,0.24999999999999667,0,1.5,44.0,False,astar_pitch_elbow_4_waypoints,29.37135479186281,True,
5,16,435,1.5,41.900000000000006,419,8.797010181492735e-06,0.0,0.00031182835712933294,0.0002913144140078168,0.00031182835712933294,1.0480725568642132e-09,5.788104062709465e-08,1.4901161138336505e-09,3.818191820832845e-06,29.492836955924414,0.01,9.516787715301728e-08,7.5451957293744685e-06,[],0.0006801197886046447,0.24999999999999667,0,1.5,43.400000000000006,False,astar_pitch_elbow_4_waypoints,29.188100079124975,True,
6,17,445,1.6,42.800000000000004,428,9.210711263593538e-06,0.0,0.0002879067269217064,0.00026313198837163676,0.0002879067269217064,9.68346919184101e-10,5.925452639665707e-08,1.4901161138336505e-09,4.182619578303746e-06,29.188100079124975,0.01,4.947189657546076e-08,3.661215209531797e-06,[],3.6772695348729754e-05,0.24999999999999667,0,1.6,44.400000000000006,False,astar_pitch_elbow_5_waypoints,29.188100079124975,True,
7,21,446,2.0,42.5,425,1.3694531714795995e-05,0.0,0.0010689916440219556,0.0006042636695552262,0.0010689916440219556,9.928129684148936e-10,5.697866201082036e-08,1.4901161138336505e-09,4.182619578303746e-06,29.503965687993624,0.01,8.176764872523251e-09,4.114825043571709e-07,[],0.0023198919954275526,0.25000000000001443,0,2.0,44.5,False,astar_pitch_elbow_4_waypoints,29.503965687993624,True,
8,21,447,2.0,42.6,426,2.278287451773372e-05,0.0,0.002101490827002774,0.0011555678197751064,0.002101490827002774,9.697201274362918e-10,5.89282300733629e-08,1.4901161138336505e-09,4.182619578303746e-06,29.43688987677717,0.01,4.2084810767594855e-10,0.0,[],0.004659085186368685,0.25000000000001443,0,2.0,44.6,False,astar_pitch_elbow_4_waypoints,29.43688987677717,True,
9,21,444,2.0,42.300000000000004,423,1.5331857131749826e-05,0.0,0.0016907421031622234,0.0005817177503409811,0.0016907421031622234,9.88812179739194e-10,5.868777375184209e-08,1.4901161138336505e-09,4.182619578303746e-06,29.46389973317309,0.01,1.3355905763679895e-07,1.01581288699644e-05,[],0.0043120013906242085,0.25000000000001443,0,2.0,44.300000000000004,False,astar_pitch_elbow_4_waypoints,29.46389973317309,True,
10,23,370,2.2,34.1,341,0.0025926440223664952,0.034590605897134266,0.0493960101771274,0.048693249632844514,0.0493960101771274,9.281560205154239e-10,5.296035299195978e-08,1.4901161138336505e-09,4.182619578303746e-06,29.509622360990303,0.01,4.989419255698146e-07,2.867475228005241e-06,[],0.07166117928209005,0.2500000000000139,6,2.2,36.9,False,direct_quintic,26.88314231420463,True,
11,23,356,2.2,31.8,318,0.0038825631644177913,0.04436285189841151,0.04960737580254137,0.048222447480540456,0.04960737580254137,9.24964738194025e-10,4.276790988022583e-08,1.4901161138336505e-09,3.4150945850063755e-06,29.50970919926021,0.01,4.334849724469007e-10,1.060754540376146e-07,[],0.06735818953010643,0.2500000000000133,9,2.2,35.5,False,direct_quintic,28.856377407038277,True,
12,34,418,3.3,35.9,359,0.004897825379928017,0.044248315166834265,0.04960801394192939,0.04784198722313918,0.04960801394192939,9.876492936932857e-10,5.932084090609635e-08,1.4901161138336505e-09,4.829673078902933e-06,29.509839361452347,0.01,5.095886322652558e-08,5.038552386618096e-06,[],0.07144048024427448,0.25000000000001443,21,3.3,41.69999999999999,False,astar_pitch_elbow_3_waypoints,29.188100079124975,True,
13,17,337,1.6,32.0,320,9.962808389941066e-05,0.0,0.0051591522930532875,0.004984701346411374,0.0051591522930532875,9.675672211514433e-10,2.8597066603630594e-08,1.4901161138336505e-09,4.829673078902933e-06,28.66300242629904,0.01,2.492327717316803e-09,3.246240810736029e-06,[],0.0074036689298726905,0.2500000000000133,0,1.6,33.6,False,direct_quintic,28.66300242629904,True,
14,17,337,1.6,32.0,320,0.0012394892609404271,0.0,0.04132512701198064,0.041273972882855586,0.04132512701198064,9.344955968524538e-10,2.9639061427388924e-08,1.4901161138336505e-09,4.182619578303746e-06,29.50720893366565,0.01,1.661637903240696e-08,1.6511761875709546e-05,[],0.06109863156210287,0.2500000000000133,0,1.6,33.6,False,direct_quintic,28.660927372214925,True,
15,17,338,1.6,32.1,321,0.00012310370192357062,0.0,0.007553140305945357,0.007418562169225343,0.007553140305945357,1.202530978335222e-09,2.902024920370394e-08,1.4901161138336505e-09,4.829673078902933e-06,28.768399567979937,0.01,1.6950033107469178e-08,2.6967968370354344e-05,[],0.010903865308127257,0.2500000000000133,0,1.6,33.7,False,direct_quintic,28.584619802529684,True,
16,16,331,1.5,31.5,315,1.4008761702218435e-05,0.0,0.0005840489850706596,0.0005529144625507513,0.0005840489850706596,9.63111965871254e-10,2.9770097942360962e-08,1.4901161138336505e-09,4.182619578303746e-06,29.10907251418848,0.01,7.200427779465232e-09,3.530684778043358e-05,[],0.0008360080261179667,0.2500000000000133,0,1.5,33.0,False,direct_quintic,29.10907251418848,True,
17,20,342,1.9,32.2,322,4.674939477255126e-05,0.00021052673475411416,0.004445400973191344,0.0030314538539336533,0.004445400973191344,9.322401798013286e-10,2.916154040466523e-08,1.4901161138336505e-09,4.182619578303746e-06,28.493394110995492,0.01,1.3548178207968774e-08,2.8821370469213094e-05,[],0.006963579346088637,0.2500000000000133,0,1.9,34.1,False,direct_quintic,28.493394110995492,True,
18,19,357,1.8,31.700000000000003,317,0.003794775315026082,0.03971786173946463,0.0488822244659291,0.04592770121997539,0.0488822244659291,9.819862486805403e-10,2.890222272622367e-08,1.4901161138336505e-09,4.182619578303746e-06,28.931995201020296,0.01,1.387235579678351e-08,1.655238523615715e-05,[],0.052230969569869695,0.25000000000001443,9,1.8,35.6,False,direct_quintic,28.931995201020296,True,
19,16,335,1.5,31.900000000000002,319,0.000265862911304525,0.0,0.02679528559598053,0.024652324448714194,0.02679528559598053,1.7048714321804494e-09,2.957021250082903e-08,1.4901161138336505e-09,4.182619578303746e-06,28.006048916040523,0.01,6.008483177026882e-08,2.2665217944076615e-05,[],0.03628938662721661,0.2500000000000133,0,1.5,33.400000000000006,False,direct_quintic,25.0010317365934,True,
20,49,487,4.8,38.0,380,0.007799564905790703,0.04675841779146099,0.04871017400323419,0.04835574519905482,0.04871017400323419,1.8703628323448764e-09,5.9409552388700604e-08,1.4901161138336505e-09,4.182619578303746e-06,22.44388241692263,0.01,3.3739114121256987e-10,7.444213166116942e-08,[],0.042441027917855874,0.25000000000001443,14,4.8,48.59999999999998,False,direct_quintic,22.44388241692263,True,
21,17,349,1.6,33.2,332,4.852073970398897e-05,0.0,0.002073669266301848,0.0018802947306265172,0.002073669266301848,9.918908982957495e-10,2.9318014016510574e-08,1.4901161138336505e-09,4.829673078902933e-06,29.501262391562474,0.01,3.717889308720039e-07,3.462444786679641e-05,[],2.491619963308828e-06,0.18105032742307756,0,1.6,34.800000000000004,False,direct_quintic,27.65799906612187,True,
22,17,287,1.6,27.0,270,6.444264774379968e-05,0.00043948338793618573,0.005032253436710496,0.0038283418808405393,0.005032253436710496,1.055444141927084e-09,2.165352863681136e-08,1.4901161138336505e-09,4.829673078902933e-06,22.261487419683586,0.01,1.31226115051213e-07,1.5893218197700263e-05,[],0.0042696019571041586,0.25000000000000444,0,1.6,28.6,False,direct_quintic,18.471295967970036,True,
23,16,289,1.5,27.3,273,4.8920210766108565e-05,0.0001796797717841834,0.0017647123974034592,0.0017142953481280776,0.0017647123974034592,9.227170914262087e-10,2.7519706624623552e-08,1.4901161138336505e-09,3.4150945850063755e-06,23.00070400451659,0.01,4.1175948440804056e-07,1.7288519229274574e-05,[],0.0022098324501239512,0.25000000000000444,0,1.5,28.8,False,direct_quintic,22.914660225836766,True,
24,16,432,1.5,41.6,416,3.627195015905465e-05,0.0,0.006717419616081558,0.002378579302644897,0.006717419616081558,8.73364289596393e-10,2.864965664706176e-08,1.4901161138336505e-09,3.4150945850063755e-06,29.50242835169092,0.01,5.414842956518592e-08,6.126666592921608e-06,[],0.008843431219156794,0.24999999999559241,0,1.5,43.1,False,staged_0_1_2,29.427658925840202,True,
25,18,330,1.7,31.1,311,0.0011423479810148838,0.0004931700085455575,0.0497988635214867,0.049479744579916336,0.0497988635214867,1.328134429158255e-09,2.8571502608265575e-08,1.4901161138336505e-09,4.829673078902933e-06,28.344320557494026,0.01,3.497790732255338e-08,3.2075203962133905e-05,[],0.06365593504123504,0.2500000000000133,1,1.7,32.9,False,direct_quintic,28.344320557494026,True,
26,18,324,1.7,30.200000000000003,302,0.0016051121358967705,0.00523978304461201,0.04913253361218693,0.04843620672392993,0.04913253361218693,9.308110162483178e-10,2.9636997411763844e-08,1.4901161138336505e-09,4.517745487845101e-06,24.86395859193635,0.01,1.463261382298276e-10,1.3684474081502504e-06,[],0.05992431519802407,0.25000000000000555,2,1.7,32.300000000000004,False,direct_quintic,23.609281427638958,True,
27,21,375,2.0,33.1,331,0.004312839385188717,0.039533312350316686,0.0498130726139413,0.048615168252826864,0.0498130726139413,1.9296413892336417e-09,4.461961400359371e-08,1.4901161138336505e-09,4.829673078902933e-06,29.343704093776065,0.01,5.883790675733872e-10,1.276538800266806e-07,[],0.09925576688477139,0.25000000000001443,13,2.0,37.400000000000006,False,direct_quintic,27.712676961044732,True,
28,33,414,3.2,36.1,361,0.0041582735236199726,0.040380326416498795,0.049928068240489905,0.04454954838205308,0.049928068240489905,9.884800401671542e-10,5.917721557224809e-08,1.4901161138336505e-09,4.829673078902933e-06,29.509850365272424,0.01,5.993829021289965e-08,5.211054791166992e-06,[],0.07295586448141324,0.25000000000001443,18,3.2,41.3,False,astar_pitch_elbow_4_waypoints,29.22648285093032,True,
29,21,360,2.0,31.900000000000002,319,0.004055053502817567,0.042578543841258185,0.049509211146937876,0.04944274929102137,0.049509211146937876,9.218681138850577e-10,5.8775020184143045e-08,1.4901161138336505e-09,3.818191820832845e-06,29.50944360478047,0.01,4.934905838608146e-10,1.1615207919854265e-07,[],0.06701897326827475,0.2500000000000133,8,2.0,35.900000000000006,False,direct_quintic,28.79215218598574,True,
30,41,427,4.0,31.900000000000002,319,0.015003177916497511,0.07580659808044284,0.17213557801001414,0.1631555066658234,0.17213557801001414,1.0870398347785304e-09,5.949137582561548e-08,1.4901161138336505e-09,4.182619578303746e-06,29.509797191451522,0.01,5.5016056518033504e-08,9.32453516955662e-07,[],0.07105539559280923,0.25000000000001443,29,4.0,42.59999999999998,False,direct_quintic,28.78442084721655,True,
31,41,501,4.0,45.400000000000006,454,0.0034782992103572757,0.042337736527817596,0.048443323060852174,0.04775590329616933,0.048443323060852174,9.772664699439032e-10,5.934931235351826e-08,1.4901161138336505e-09,4.182619578303746e-06,29.503524331175864,0.01,1.723339819712773e-08,4.791847975184659e-07,[],0.07098270388311802,0.2500000000000133,6,4.0,50.0,False,staged_0_1_2,28.232406488370994,True,
32,22,355,2.1,31.900000000000002,319,0.0036484730388461556,0.046081517497892126,0.049369354633517944,0.049247589890368274,0.049369354633517944,9.193714793333678e-10,5.9135029095713776e-08,1.4901161138336505e-09,4.182619578303746e-06,29.508602020200666,0.01,4.4250729486040324e-10,5.045329394123707e-07,[],0.06912244693103342,0.2500000000000133,10,2.1,35.4,False,direct_quintic,28.81324573067445,True,
33,18,445,1.7,42.7,427,1.3950356372280822e-05,0.0,0.0013871685086014383,0.001124640151376872,0.0013871685086014383,1.003447116893053e-09,5.7433433786613364e-08,1.4901161138336505e-09,4.182619578303746e-06,29.50003639412557,0.01,3.258856753161908e-07,2.5025418324390033e-05,[],1.6565646841641766e-10,0.21115550476675604,0,1.7,44.400000000000006,False,astar_pitch_elbow_4_waypoints,29.188100079124975,True,
34,38,387,3.7,29.6,296,0.00992524359341491,0.047223534198801834,0.049099988090156844,0.04848306385166619,0.049099988090156844,7.909883907929162e-10,5.88645070465077e-08,1.4901161138336505e-09,4.829673078902933e-06,26.052802989795506,0.01,2.4735691631672886e-08,7.135561719067424e-06,[],0.06595951456970063,0.25000000000001443,31,3.7,38.59999999999998,False,direct_quintic,25.815453755484437,True,
35,20,324,1.9,30.0,300,0.0015891113690897564,0.011019923812173319,0.04523586296479792,0.04404283524824166,0.04523586296479792,1.7897241813255678e-09,2.846807800604978e-08,1.4901161138336505e-09,3.4150945850063755e-06,29.080965730088334,0.01,5.033835328766466e-10,8.636497577216751e-08,[],0.06256977822427666,0.2500000000000133,2,1.9,32.3,False,direct_quintic,25.391691094256426,True,
36,22,338,2.1,30.700000000000003,307,0.0033083013381022823,0.04542755081875628,0.04986507122157817,0.04931787237739263,0.04986507122157817,1.387342303501107e-09,2.9542814083960423e-08,1.4901161138336505e-09,4.182619578303746e-06,26.173899532011543,0.01,2.232320089362555e-09,1.1789875625805645e-06,[],0.0647072083594569,0.25000000000001443,5,2.1,33.7,False,direct_quintic,26.173899532011543,True,
37,20,345,1.9,32.5,325,0.00036686693425977564,0.000555115580188407,0.012941138554291255,0.01281658188292892,0.012941138554291255,1.2216855370621933e-09,2.9749690710900722e-08,1.4901161138336505e-09,4.517745487845101e-06,28.708911477082207,0.01,6.724720122082715e-09,6.7425254398970815e-06,[],0.018398338717974125,0.2500000000000133,0,1.9,34.4,False,direct_quintic,28.28704221826683,True,
38,16,438,1.5,42.2,422,2.7843114818638295e-05,0.0,0.003091789876019644,0.0020001523716715827,0.003091789876019644,9.497389340812647e-10,2.8983354605216505e-08,1.4901161138336505e-09,3.4150945850063755e-06,29.500093067014173,0.01,8.576575593983905e-10,1.751293699887417e-07,[],0.0034697540115877995,0.2500000000000089,0,1.5,43.7,False,staged_0_1_2,29.472633872984485,True,
39,16,438,1.5,42.2,422,2.7843114818638295e-05,0.0,0.003091789876019644,0.0020001523716715827,0.003091789876019644,9.497389340812647e-10,2.8983354605216505e-08,1.4901161138336505e-09,3.4150945850063755e-06,29.500093067014173,0.01,8.576575593983905e-10,1.751293699887417e-07,[],0.0034697540115877995,0.2500000000000089,0,1.5,43.7,False,staged_0_1_2,29.472633872984485,True,
40,16,289,1.5,27.3,273,0.00013427019506178563,0.0010864725460293335,0.0035503994920482364,0.003418780615765845,0.0035503994920482364,1.5251811703632118e-09,2.963842105074832e-08,1.4901161138336505e-09,3.4150945850063755e-06,26.868969085569457,0.01,6.137614352263785e-08,3.297016018614194e-05,[],1.3187306129950954e-09,0.21297761466076678,0,1.5,28.8,False,direct_quintic,26.478576597810385,True,
41,23,320,2.2,29.700000000000003,297,0.0017716633699600027,0.005330027502183826,0.0418966875610332,0.04173392216964182,0.0418966875610332,2.10910160076222e-09,2.9669029899537236e-08,1.4901161138336505e-09,3.4150945850063755e-06,28.298583733032952,0.01,1.4531573177646914e-10,3.892893699642923e-06,[],0.047165866772979397,0.25000000000000555,0,2.2,31.900000000000002,False,direct_quintic,27.1505713875797,True,
42,22,354,2.1,30.8,308,0.004685772376465653,0.04552969178157028,0.049549595039524094,0.048974026357361866,0.049549595039524094,9.017963362176862e-10,5.872244823734718e-08,1.4901161138336505e-09,4.517745487845101e-06,27.97783804027176,0.01,6.697091160827173e-09,2.7107105641448266e-05,[],0.06722804300851667,0.2500000000000144,10,2.1,35.3,False,direct_quintic,26.11258140916561,True,
43,16,323,1.5,30.700000000000003,307,2.2034522010789432e-05,0.0,0.0018526796973720543,0.0009971692560157626,0.0018526796973720543,1.8085670516984493e-09,2.933743414867962e-08,1.4901161138336505e-09,4.829673078902933e-06,26.16632760847892,0.01,1.2811584715784071e-08,1.813185992132404e-05,[],0.0025433189403553922,0.25000000000000444,0,1.5,32.2,False,direct_quintic,26.16632760847892,True,
44,16,452,1.5,42.800000000000004,428,0.0012711434961625637,9.058066748980436e-05,0.04784688736784844,0.04679704524724038,0.04784688736784844,9.306597208445613e-10,2.9619206864950343e-08,1.4901161138336505e-09,3.818191820832845e-06,29.508273181022556,0.01,2.626541769607502e-10,5.984193865915078e-08,[],0.06861264419263333,0.2500000000000133,2,1.5,45.1,False,staged_0_1_2,28.964000166808997,True,
45,24,353,2.3,32.300000000000004,323,0.0031428713631447835,0.04011770622262523,0.048568622680951565,0.04783790980304242,0.048568622680951565,7.99316760477717e-10,5.607952480168876e-08,1.4901161138336505e-09,4.182619578303746e-06,29.509579712794217,0.01,1.7707834962363486e-08,2.0094034555886992e-05,[],0.06718776530343677,0.2500000000000133,4,2.3,35.2,False,direct_quintic,28.426024353933595,True,
46,16,460,1.5,44.400000000000006,444,0.00024839082474353104,0.0,0.025248991724454974,0.02213620319876979,0.025248991724454974,9.826431547167997e-10,2.9127883438562208e-08,1.4901161138336505e-09,4.182619578303746e-06,29.504836486182736,0.01,7.773237623972785e-08,1.4108193217914451e-06,[],0.03669549833886271,0.2500000000000089,0,1.5,45.900000000000006,False,staged_0_1_2,29.37545009515929,True,
47,16,427,1.5,41.1,411,2.9798533836962752e-05,0.0,0.0016999627582526503,0.0015405294455677642,0.0016999627582526503,1.0009116460553325e-09,5.8607163122559314e-08,1.4901161138336505e-09,4.182619578303746e-06,29.50183449286214,0.01,1.263907359369342e-07,8.80937098930575e-06,[],4.290351001979777e-06,0.17327545996171898,0,1.5,42.6,False,astar_pitch_elbow_3_waypoints,29.377645704187213,True,
48,16,428,1.5,41.2,412,2.392896432116752e-05,0.0,0.0015650625832529588,0.0012817069116603818,0.0015650625832529588,1.0080781574004166e-09,5.872089992031704e-08,1.4901161138336505e-09,5.122641877509564e-06,29.5015478169347,0.01,1.175995457321068e-07,7.9964761061891e-06,[],1.1922880257591845e-06,0.20526866405473562,0,1.5,42.7,False,astar_pitch_elbow_3_waypoints,29.188100079124975,True,
49,16,439,1.5,41.300000000000004,413,7.25895049541141e-05,0.0006034243464653936,0.0053311257472009686,0.003822545324877921,0.0053311257472009686,1.015012549038622e-09,5.802915370445305e-08,1.4901161138336505e-09,4.182619578303746e-06,29.50325919890417,0.01,7.494918680506998e-07,6.432883530685617e-05,[],0.008057356498118217,0.24999999999999667,4,1.5,43.800000000000004,False,astar_pitch_elbow_5_waypoints,29.4463124607347,True,
50,16,464,1.5,44.2,442,0.0009250797678002165,0.0,0.04505787612024594,0.04428890067538387,0.04505787612024594,1.1373128376272547e-09,5.581234563400983e-08,1.4901161138336505e-09,4.182619578303746e-06,29.43688973182645,0.01,2.5272837404228394e-08,4.802342210232116e-07,[],0.06325602367335749,0.25000000000001443,2,1.5,46.300000000000004,False,astar_pitch_elbow_4_waypoints,29.43688973182645,True,
51,17,323,1.6,30.6,306,0.00024264699429822064,0.0,0.01729120329632428,0.014517327924692751,0.01729120329632428,1.5424708249614178e-09,2.9560297098996102e-08,1.4901161138336505e-09,3.4150945850063755e-06,29.450010774922927,0.01,1.171848267903794e-08,1.928291665758925e-05,[],0.02513446682304839,0.25000000000000555,0,1.6,32.2,False,direct_quintic,26.2501184565167,True,
52,16,318,1.5,30.200000000000003,302,0.0003057705732527858,0.0,0.010224197524386266,0.010190628080964392,0.010224197524386266,1.3464577386127083e-09,2.8184967471034383e-08,1.4901161138336505e-09,4.182619578303746e-06,27.75949752944484,0.01,3.5239035862031083e-10,3.523278645268393e-08,[],0.012887775923313525,0.25000000000000444,0,1.5,31.700000000000003,False,direct_quintic,23.58291070336804,True,
53,17,318,1.6,29.8,298,0.0012166843655024614,0.0009048770646534779,0.04552377563921782,0.04238598586930166,0.04552377563921782,1.5636392457896362e-09,2.896870443525046e-08,1.4901161138336505e-09,3.4150945850063755e-06,27.804127658015428,0.01,1.3598148047614538e-07,2.476011502133197e-05,[],0.06080953722214549,0.25000000000000444,1,1.6,31.7,False,direct_quintic,24.070352818483794,True,
54,16,320,1.5,30.400000000000002,304,0.00029427464508604407,0.0,0.010152464010048157,0.009234335824113047,0.010152464010048157,1.4326701994772465e-09,2.916787389395381e-08,1.4901161138336505e-09,4.182619578303746e-06,25.48171492904316,0.01,3.470377645227674e-10,3.6133400317345114e-08,[],0.011414785777269272,0.25000000000000555,0,1.5,31.900000000000002,False,direct_quintic,23.374304417700383,True,
55,16,318,1.5,30.200000000000003,302,0.0002572796945295318,0.0,0.008755370800486925,0.008538779308848898,0.008755370800486925,2.182157113737941e-09,2.8182592148873198e-08,1.4901161138336505e-09,3.818191820832845e-06,26.903478849504832,0.01,1.3008377510386886e-09,1.2993630768926539e-05,[],0.011355349224408647,0.25000000000000555,0,1.5,31.700000000000003,False,direct_quintic,23.666651889442388,True,
56,16,307,1.5,29.1,291,1.894754626022439e-05,0.0,0.0006130417265751732,0.0005061354905088406,0.0006130417265751732,9.195477135749334e-10,2.9349581986970463e-08,1.4901161138336505e-09,3.818191820832845e-06,21.205243970001675,0.01,2.3247266323742258e-07,1.1539523354934257e-05,[],1.8868143935854606e-09,0.15492601952891152,0,1.5,30.6,False,direct_quintic,20.988494419782455,True,
57,23,334,2.2,31.1,311,0.00017172995517818882,0.001250858249488413,0.0038592111971634704,0.003839695762617372,0.0038592111971634704,1.3006724590530633e-09,2.9547306601429568e-08,1.4901161138336505e-09,4.829673078902933e-06,25.802431850507897,0.01,5.174448266182892e-09,4.380735774309343e-06,[],0.0052769429293687406,0.25000000000001443,0,2.2,33.300000000000004,False,direct_quintic,25.802431850507897,True,
58,16,327,1.5,31.1,311,1.6153426990809273e-05,0.0,0.0004637502027506031,0.00039501188776113117,0.0004637502027506031,1.1859969058329144e-09,2.9388226630011616e-08,1.4901161138336505e-09,2.9575586669421963e-06,21.70257146332233,0.01,3.8871099719310774e-07,3.976309270221598e-06,[],2.308256952172792e-09,0.16563442495222783,0,1.5,32.6,False,direct_quintic,18.477384224979687,True,
59,16,283,1.5,26.700000000000003,267,4.122575422155162e-05,0.0005097104934493847,0.0010816082305292575,0.0009206130293276252,0.0010816082305292575,8.390167129113523e-09,2.9340729734705917e-08,1.4901161138336505e-09,2.9575586669421963e-06,16.5217201093526,0.01,3.9820894549122315e-07,2.1392439026119706e-05,[],0.0001490348735083826,0.24999999999999667,0,1.5,28.200000000000003,False,direct_quintic,15.600383899538881,True,
60,16,368,1.5,35.2,352,0.00017117214631815996,0.0,0.01783224259168638,0.012378424726392681,0.01783224259168638,9.343436184435018e-10,2.8730535173160376e-08,1.4901161138336505e-09,3.818191820832845e-06,29.50357930302516,0.01,4.430755458824269e-10,1.034137339063051e-07,[],0.02558293363828521,0.24999999990562216,0,1.5,36.7,False,astar_pitch_elbow_3_waypoints,29.186628558619528,True,
61,16,469,1.5,44.900000000000006,449,0.0005733170293227893,0.0,0.036549804118722745,0.0349679644994561,0.036549804118722745,9.859210061017925e-10,5.782979095592111e-08,1.4901161138336505e-09,3.818191820832845e-06,29.509131601912483,0.01,1.0484692912211378e-08,6.0217111793743906e-06,[],0.0574138457194018,0.2500000000000133,2,1.5,46.800000000000004,False,staged_0_1_2,29.3976728364953,True,
62,16,480,1.5,46.400000000000006,464,0.0002552854476214446,0.0,0.014281846454682832,0.013808090513311605,0.014281846454682832,8.922960776620542e-10,2.9669944168198015e-08,1.4901161138336505e-09,4.182619578303746e-06,29.501384935315397,0.01,6.887972464492679e-08,1.069197452297734e-06,[],0.020522825555345747,0.25000000000001443,0,1.5,47.900000000000006,False,staged_0_1_2,28.017940151414674,True,
63,16,339,1.5,32.300000000000004,323,0.00016621951216123319,0.0,0.018489137333801725,0.014988631963734345,0.018489137333801725,9.341670305548931e-10,2.956894518124642e-08,1.4901161138336505e-09,4.182619578303746e-06,29.36637576453904,0.01,2.8097788627702232e-08,1.7072484778813726e-05,[],0.02712599209004176,0.2500000000000133,0,1.5,33.800000000000004,False,direct_quintic,28.41303318561472,True,
64,21,338,2.0,30.200000000000003,302,0.0032206509905614096,0.04058053741271299,0.04917496782050671,0.047961373373546216,0.04917496782050671,1.3573126340430269e-09,2.9330695539009355e-08,1.4901161138336505e-09,4.182619578303746e-06,24.596928880527,0.01,4.434457887619996e-10,5.558568667847623e-08,[],0.0572334654093673,0.25000000000001443,5,2.0,33.7,False,direct_quintic,23.589904882470588,True,
65,21,333,2.0,30.0,300,0.0033054344248439212,0.04341173638838073,0.048883903776763174,0.0481373609463767,0.048883903776763174,1.0276699940842438e-09,2.8745835045640433e-08,1.4901161138336505e-09,4.517745487845101e-06,25.1758122047363,0.01,2.131205485147681e-09,1.0049755173150026e-06,[],0.05996957448700981,0.25000000000001443,8,2.0,33.2,False,direct_quintic,23.81949210317202,True,
66,23,501,2.2,45.1,451,0.003947794480325927,0.04367052433891391,0.049748536012580315,0.04938913959167518,0.049748536012580315,9.922363336274695e-10,5.784176582146472e-08,1.4901161138336505e-09,4.182619578303746e-06,29.506461738293407,0.01,3.919759553654266e-07,9.73567794528652e-06,[],0.07390868543004198,0.25000000000001443,11,2.2,50.0,False,staged_0_1_2,28.935126101004013,True,
67,23,354,2.2,31.700000000000003,317,0.0040160580836264195,0.045009839868605586,0.04976197681633896,0.047846783379747855,0.04976197681633896,1.1018237722741212e-09,5.642130451732896e-08,1.4901161138336505e-09,4.182619578303746e-06,29.505869247259394,0.01,2.6355863095885884e-09,5.1788591436503115e-06,[],0.07251336648903525,0.2500000000000133,10,2.2,35.300000000000004,False,direct_quintic,27.78326429435651,True,
68,23,335,2.2,30.200000000000003,302,0.00364041531561387,0.04512296265374947,0.04861082420394743,0.048518724996047036,0.04861082420394743,2.1312600868000263e-09,2.892263217812996e-08,1.4901161138336505e-09,4.182619578303746e-06,23.588198248347677,0.01,5.115042241288365e-10,6.529708074731017e-08,[],0.06043914437166249,0.25000000000001443,6,2.2,33.400000000000006,False,direct_quintic,23.588198248347677,True,
69,17,271,1.6,25.400000000000002,254,0.0003712527797083365,0.00043868463650135407,0.022963113212411637,0.019700443040439403,0.022963113212411637,1.3907575308244691e-09,2.8867362722451162e-08,1.4901161138336505e-09,3.818191820832845e-06,27.913140321800253,0.01,1.9741254938211464e-07,4.995954111030287e-06,[],0.0306447701314439,0.25000000000000444,0,1.6,27.000000000000004,False,direct_quintic,27.913140321800253,True,
70,20,369,1.9,32.5,325,0.003980699917039088,0.041546894206560374,0.04920559744347603,0.048099553016986964,0.04920559744347603,8.848401377769138e-10,2.9784489541384573e-08,1.4901161138336505e-09,4.517745487845101e-06,29.508534403532845,0.01,1.5652368833478205e-08,3.2890553862895514e-05,[],0.06601301157045278,0.2500000000000133,8,1.9,36.8,False,direct_quintic,28.31085835452995,True,
71,17,323,1.6,30.6,306,0.00015640938641237908,0.0,0.01324152719669712,0.010300900425387274,0.01324152719669712,1.1172710996241895e-09,2.8666850115932618e-08,1.4901161138336505e-09,4.182619578303746e-06,26.315211214722463,0.01,5.9312822792842345e-09,2.5588475357686475e-05,[],0.017595640187472335,0.25000000000000444,0,1.6,32.2,False,direct_quintic,26.315211214722463,True,
72,17,371,1.6,33.9,339,0.00286966794396833,0.034809910576007304,0.04771869655021872,0.04535490949638708,0.04771869655021872,1.043129416989431e-09,2.9796913159074734e-08,1.4901161138336505e-09,4.829673078902933e-06,27.00588613393506,0.01,1.974132224669557e-07,2.564972260428055e-06,[],0.05580521204936375,0.25000000000001443,7,1.6,37.0,False,direct_quintic,27.00588613393506,True,
73,16,371,1.5,32.300000000000004,323,0.018125738147474268,0.14958363751379183,0.30524309098430835,0.28460480765942753,0.30524309098430835,1.4745020786800183e-09,2.893882766752398e-08,1.4901161138336505e-09,4.182619578303746e-06,28.414393135989254,0.01,5.0383728678041195e-08,9.177380321110424e-06,"[337, 338, 339, 340, 341, 342, 343, 344, 345, 346, 347, 348, 349, 350, 351, 352, 353, 354, 355, 356, 357, 358, 359, 360, 361, 362, 363, 364, 365, 366, 367, 368, 369, 370]",0.34868437703340055,0.25000000000001443,8,1.5,37.0,False,direct_quintic,28.414393135989254,False,optimizer_timeout_after_3600_s_no_candidate_exported
74,16,332,1.5,31.5,315,0.0008982257504265906,0.0,0.04769191213732006,0.043790353427071056,0.04769191213732006,1.025491817707402e-09,2.951013500229749e-08,1.4901161138336505e-09,4.182619578303746e-06,29.507711174403536,0.01,8.037034778041594e-10,1.4684332876345572e-07,[],0.06458797334444395,0.25000000000001443,1,1.5,33.1,False,direct_quintic,29.089888872846355,True,
75,16,332,1.5,31.5,315,0.0008982257504265906,0.0,0.04769191213732006,0.043790353427071056,0.04769191213732006,1.025491817707402e-09,2.951013500229749e-08,1.4901161138336505e-09,4.182619578303746e-06,29.507711174403536,0.01,8.037034778041594e-10,1.4684332876345572e-07,[],0.06458797334444395,0.25000000000001443,1,1.5,33.1,False,direct_quintic,29.089888872846355,True,
76,16,332,1.5,31.5,315,0.0008982257504265906,0.0,0.04769191213732006,0.043790353427071056,0.04769191213732006,1.025491817707402e-09,2.951013500229749e-08,1.4901161138336505e-09,4.182619578303746e-06,29.507711174403536,0.01,8.037034778041594e-10,1.4684332876345572e-07,[],0.06458797334444395,0.25000000000001443,1,1.5,33.1,False,direct_quintic,29.089888872846355,True,
77,17,342,1.6,30.0,300,0.004973179042865956,0.0457599107323087,0.049703711061987184,0.0485049884463546,0.049703711061987184,1.0672860368856117e-09,4.84159345948143e-08,1.4901161138336505e-09,4.517745487845101e-06,24.22634265499823,0.01,1.840739179051126e-09,1.3515612366861641e-06,[],0.06348650546932394,0.25000000000001443,11,1.6,34.1,False,direct_quintic,23.812118298849324,True,
78,22,374,2.1,31.900000000000002,319,0.009273674698185574,0.04990502313526242,0.1956833843844078,0.1620909468375551,0.1956833843844078,7.550065149616417e-10,2.926039621709009e-08,1.4901161138336505e-09,3.4150945850063755e-06,29.53674807670836,0.01,1.9902755944968734e-08,1.634009703193053e-05,"[358, 359, 360, 361, 362, 363, 364, 365, 366, 367, 368, 369, 370, 371, 372, 373]",0.2754090146143157,0.2500000000000139,3,2.1,37.3,False,direct_quintic,28.74329480633264,False,multistart_terminal_attitude_gate_failed
79,25,349,2.4,32.4,324,0.00028802285729683555,0.0002021786077970397,0.011831676090689313,0.01095810165556696,0.011831676090689313,8.679050700685989e-10,5.427317728567971e-08,1.4901161138336505e-09,3.4150945850063755e-06,29.501314014623855,0.01,4.2947492846348603e-07,3.8987010212168225e-06,[],0.01683965018839033,0.2500000000000133,0,2.4,34.8,False,direct_quintic,28.323154595710772,True,
