trajectory_path,category,length,duration_s,waypoint_dt_s,start_waypoint_min_idx,start_waypoint_max_idx,horizontal_displacement_m,horizontal_range_m,path_length_m
trajectoryToLearn/world_json/cinematic_db/crane_down/crane_down_000.json,crane_down,120,12.0,0.1,30,83,0.994906,1.002874,1.117122
trajectoryToLearn/world_json/cinematic_db/crane_down/crane_down_019.json,crane_down,120,12.0,0.1,30,83,1.006887,1.00972,1.168644
trajectoryToLearn/world_json/cinematic_db/handheld_subtle/handheld_subtle_094.json,handheld_subtle,120,12.0,0.1,30,83,0.943309,1.013219,2.045996
trajectoryToLearn/world_json/cinematic_db/crane_up/crane_up_076.json,crane_up,120,12.0,0.1,30,83,1.008379,1.01405,1.127978
trajectoryToLearn/world_json/cinematic_db/crane_up/crane_up_036.json,crane_up,120,12.0,0.1,30,83,1.008624,1.019083,1.242903
trajectoryToLearn/world_json/cinematic_db/crane_down/crane_down_039.json,crane_down,120,12.0,0.1,30,83,1.015344,1.021606,1.174359
trajectoryToLearn/world_json/cinematic_db/crane_up/crane_up_092.json,crane_up,120,12.0,0.1,30,83,1.012815,1.023163,1.252033
trajectoryToLearn/world_json/cinematic_db/crane_up/crane_up_014.json,crane_up,120,12.0,0.1,30,83,1.015877,1.027826,1.187375
trajectoryToLearn/world_json/cinematic_db/crane_down/crane_down_078.json,crane_down,120,12.0,0.1,30,83,1.020479,1.028243,1.14677
trajectoryToLearn/world_json/cinematic_db/handheld_subtle/handheld_subtle_043.json,handheld_subtle,120,12.0,0.1,30,83,0.806641,1.032929,1.673116
trajectoryToLearn/world_json/cinematic_db/crane_down/crane_down_073.json,crane_down,120,12.0,0.1,30,83,1.037036,1.037191,1.180878
trajectoryToLearn/world_json/cinematic_db/handheld_subtle/handheld_subtle_026.json,handheld_subtle,120,12.0,0.1,30,83,0.892988,1.037463,2.318534
trajectoryToLearn/world_json/cinematic_db/crane_down/crane_down_017.json,crane_down,120,12.0,0.1,30,83,1.024035,1.037971,1.200616
trajectoryToLearn/world_json/cinematic_db/handheld_subtle/handheld_subtle_099.json,handheld_subtle,120,12.0,0.1,30,83,0.867627,1.041781,2.253528
trajectoryToLearn/world_json/cinematic_db/crane_down/crane_down_067.json,crane_down,120,12.0,0.1,30,83,1.041853,1.041853,1.12411
trajectoryToLearn/world_json/cinematic_db/crane_down/crane_down_013.json,crane_down,120,12.0,0.1,30,83,1.034251,1.042907,1.11559
trajectoryToLearn/world_json/cinematic_db/handheld_subtle/handheld_subtle_087.json,handheld_subtle,120,12.0,0.1,30,83,0.860783,1.046248,2.63754
trajectoryToLearn/world_json/cinematic_db/crane_down/crane_down_012.json,crane_down,120,12.0,0.1,30,83,1.026961,1.047603,1.150461
trajectoryToLearn/world_json/cinematic_db/crane_down/crane_down_029.json,crane_down,120,12.0,0.1,30,83,1.047098,1.053296,1.206264
trajectoryToLearn/world_json/cinematic_db/crane_up/crane_up_044.json,crane_up,120,12.0,0.1,30,83,1.056021,1.057688,1.203097
trajectoryToLearn/world_json/cinematic_db/handheld_subtle/handheld_subtle_048.json,handheld_subtle,120,12.0,0.1,30,83,0.909936,1.05783,2.357467
trajectoryToLearn/world_json/cinematic_db/handheld_subtle/handheld_subtle_067.json,handheld_subtle,120,12.0,0.1,30,83,0.987174,1.062596,2.085068
trajectoryToLearn/world_json/cinematic_db/handheld_subtle/handheld_subtle_037.json,handheld_subtle,120,12.0,0.1,30,83,1.015769,1.065009,1.541206
trajectoryToLearn/world_json/cinematic_db/crane_down/crane_down_094.json,crane_down,120,12.0,0.1,30,83,1.061583,1.070809,1.212074
trajectoryToLearn/world_json/cinematic_db/crane_up/crane_up_068.json,crane_up,120,12.0,0.1,30,83,1.062664,1.07373,1.315607
trajectoryToLearn/world_json/cinematic_db/crane_up/crane_up_019.json,crane_up,120,12.0,0.1,30,83,1.057171,1.076065,1.197185
trajectoryToLearn/world_json/cinematic_db/crane_up/crane_up_086.json,crane_up,120,12.0,0.1,30,83,1.080663,1.083869,1.272138
trajectoryToLearn/world_json/cinematic_db/handheld_subtle/handheld_subtle_063.json,handheld_subtle,120,12.0,0.1,30,83,0.934697,1.084561,2.300992
trajectoryToLearn/world_json/cinematic_db/crane_down/crane_down_087.json,crane_down,120,12.0,0.1,30,83,1.078745,1.086728,1.267145
trajectoryToLearn/world_json/cinematic_db/handheld_subtle/handheld_subtle_033.json,handheld_subtle,120,12.0,0.1,30,83,0.944618,1.088573,2.365274
trajectoryToLearn/world_json/cinematic_db/crane_up/crane_up_098.json,crane_up,120,12.0,0.1,30,83,1.090048,1.090048,1.254115
trajectoryToLearn/world_json/cinematic_db/handheld_subtle/handheld_subtle_057.json,handheld_subtle,120,12.0,0.1,30,83,1.033515,1.095012,1.810551
trajectoryToLearn/world_json/cinematic_db/crane_down/crane_down_064.json,crane_down,120,12.0,0.1,30,83,1.098905,1.101221,1.23832
trajectoryToLearn/world_json/cinematic_db/handheld_subtle/handheld_subtle_040.json,handheld_subtle,120,12.0,0.1,30,83,0.858447,1.114292,2.75688
trajectoryToLearn/world_json/cinematic_db/handheld_subtle/handheld_subtle_055.json,handheld_subtle,120,12.0,0.1,30,83,1.026922,1.116898,1.890656
trajectoryToLearn/world_json/cinematic_db/handheld_subtle/handheld_subtle_029.json,handheld_subtle,120,12.0,0.1,30,83,0.832478,1.119585,2.691199
trajectoryToLearn/world_json/cinematic_db/crane_down/crane_down_010.json,crane_down,120,12.0,0.1,30,83,1.108179,1.119833,1.284105
trajectoryToLearn/world_json/cinematic_db/handheld_subtle/handheld_subtle_088.json,handheld_subtle,120,12.0,0.1,30,83,1.071114,1.122087,1.428917
trajectoryToLearn/world_json/cinematic_db/crane_up/crane_up_006.json,crane_up,120,12.0,0.1,30,83,1.123475,1.125234,1.24824
trajectoryToLearn/world_json/cinematic_db/handheld_subtle/handheld_subtle_073.json,handheld_subtle,120,12.0,0.1,30,83,0.939009,1.127465,1.749051
trajectoryToLearn/world_json/cinematic_db/handheld_subtle/handheld_subtle_089.json,handheld_subtle,120,12.0,0.1,30,83,1.027994,1.130344,2.156667
trajectoryToLearn/world_json/cinematic_db/crane_down/crane_down_025.json,crane_down,120,12.0,0.1,30,83,1.100191,1.134431,1.383515
trajectoryToLearn/world_json/cinematic_db/crane_up/crane_up_040.json,crane_up,120,12.0,0.1,30,83,1.120498,1.135114,1.218409
trajectoryToLearn/world_json/cinematic_db/crane_down/crane_down_050.json,crane_down,120,12.0,0.1,30,83,1.125476,1.135176,1.303854
trajectoryToLearn/world_json/cinematic_db/crane_down/crane_down_037.json,crane_down,120,12.0,0.1,30,83,1.12948,1.140586,1.280402
trajectoryToLearn/world_json/cinematic_db/handheld_subtle/handheld_subtle_049.json,handheld_subtle,120,12.0,0.1,30,83,1.108926,1.141336,1.614357
trajectoryToLearn/world_json/cinematic_db/crane_up/crane_up_095.json,crane_up,120,12.0,0.1,30,83,1.1369,1.14271,1.256812
trajectoryToLearn/world_json/cinematic_db/handheld_subtle/handheld_subtle_017.json,handheld_subtle,120,12.0,0.1,30,83,1.02379,1.14399,2.001987
trajectoryToLearn/world_json/cinematic_db/crane_down/crane_down_072.json,crane_down,120,12.0,0.1,30,83,1.141771,1.150394,1.242913
trajectoryToLearn/world_json/cinematic_db/handheld_subtle/handheld_subtle_074.json,handheld_subtle,120,12.0,0.1,30,83,0.78879,1.153999,2.778293
trajectoryToLearn/world_json/cinematic_db/crane_down/crane_down_063.json,crane_down,120,12.0,0.1,30,83,1.143926,1.155088,1.330323
trajectoryToLearn/world_json/cinematic_db/crane_up/crane_up_085.json,crane_up,120,12.0,0.1,30,83,1.144319,1.159447,1.305032
trajectoryToLearn/world_json/cinematic_db/crane_down/crane_down_056.json,crane_down,120,12.0,0.1,30,83,1.141636,1.159674,1.394629
trajectoryToLearn/world_json/cinematic_db/crane_down/crane_down_018.json,crane_down,120,12.0,0.1,30,83,1.166607,1.166607,1.27777
trajectoryToLearn/world_json/cinematic_db/crane_up/crane_up_063.json,crane_up,120,12.0,0.1,30,83,1.165202,1.170047,1.279169
trajectoryToLearn/world_json/cinematic_db/handheld_subtle/handheld_subtle_035.json,handheld_subtle,120,12.0,0.1,30,83,1.168893,1.175331,1.481924
trajectoryToLearn/world_json/cinematic_db/crane_up/crane_up_013.json,crane_up,120,12.0,0.1,30,83,1.180494,1.180494,1.26781
trajectoryToLearn/world_json/cinematic_db/crane_down/crane_down_044.json,crane_down,120,12.0,0.1,30,83,1.183761,1.194517,1.323489
trajectoryToLearn/world_json/cinematic_db/crane_up/crane_up_071.json,crane_up,120,12.0,0.1,30,83,1.193001,1.198895,1.341768
trajectoryToLearn/world_json/cinematic_db/handheld_subtle/handheld_subtle_093.json,handheld_subtle,120,12.0,0.1,30,83,1.094947,1.205426,1.971726
trajectoryToLearn/world_json/cinematic_db/crane_up/crane_up_065.json,crane_up,120,12.0,0.1,30,83,1.191369,1.207503,1.3589
trajectoryToLearn/world_json/cinematic_db/crane_up/crane_up_099.json,crane_up,120,12.0,0.1,30,83,1.212111,1.212611,1.354248
trajectoryToLearn/world_json/cinematic_db/handheld_subtle/handheld_subtle_024.json,handheld_subtle,120,12.0,0.1,30,83,0.858405,1.217165,2.395709
trajectoryToLearn/world_json/cinematic_db/crane_up/crane_up_007.json,crane_up,120,12.0,0.1,30,83,1.213418,1.219774,1.300088
trajectoryToLearn/world_json/cinematic_db/handheld_subtle/handheld_subtle_062.json,handheld_subtle,120,12.0,0.1,30,83,1.214038,1.222468,1.916046
trajectoryToLearn/world_json/cinematic_db/handheld_subtle/handheld_subtle_023.json,handheld_subtle,120,12.0,0.1,30,83,0.901184,1.231782,2.37347
trajectoryToLearn/world_json/cinematic_db/crane_down/crane_down_065.json,crane_down,120,12.0,0.1,30,83,1.239727,1.240392,1.295948
trajectoryToLearn/world_json/cinematic_db/crane_up/crane_up_081.json,crane_up,120,12.0,0.1,30,83,1.233154,1.241079,1.332207
trajectoryToLearn/world_json/cinematic_db/crane_down/crane_down_066.json,crane_down,120,12.0,0.1,30,83,1.224222,1.242102,1.39613
trajectoryToLearn/world_json/cinematic_db/crane_down/crane_down_068.json,crane_down,120,12.0,0.1,30,83,1.240426,1.250168,1.426903
trajectoryToLearn/world_json/cinematic_db/crane_down/crane_down_058.json,crane_down,120,12.0,0.1,30,83,1.236771,1.254914,1.408604
trajectoryToLearn/world_json/cinematic_db/crane_down/crane_down_006.json,crane_down,120,12.0,0.1,30,83,1.247669,1.26063,1.424836
trajectoryToLearn/world_json/cinematic_db/crane_up/crane_up_003.json,crane_up,120,12.0,0.1,30,83,1.255077,1.262474,1.372823
trajectoryToLearn/world_json/cinematic_db/crane_up/crane_up_051.json,crane_up,120,12.0,0.1,30,83,1.225547,1.266377,1.460074
trajectoryToLearn/world_json/cinematic_db/crane_down/crane_down_028.json,crane_down,120,12.0,0.1,30,83,1.270532,1.270532,1.356816
trajectoryToLearn/world_json/cinematic_db/handheld_subtle/handheld_subtle_096.json,handheld_subtle,120,12.0,0.1,30,83,0.882802,1.273007,3.298309
trajectoryToLearn/world_json/cinematic_db/crane_down/crane_down_048.json,crane_down,120,12.0,0.1,30,83,1.271065,1.273733,1.368261
trajectoryToLearn/world_json/cinematic_db/handheld_subtle/handheld_subtle_071.json,handheld_subtle,120,12.0,0.1,30,83,0.814057,1.276919,2.725837
trajectoryToLearn/world_json/cinematic_db/handheld_subtle/handheld_subtle_009.json,handheld_subtle,120,12.0,0.1,30,83,1.069075,1.287356,2.263504
trajectoryToLearn/world_json/cinematic_db/handheld_subtle/handheld_subtle_020.json,handheld_subtle,120,12.0,0.1,30,83,1.195601,1.290002,1.985954
trajectoryToLearn/world_json/cinematic_db/handheld_subtle/handheld_subtle_021.json,handheld_subtle,120,12.0,0.1,30,83,1.165048,1.29444,2.147555
trajectoryToLearn/world_json/cinematic_db/crane_up/crane_up_021.json,crane_up,120,12.0,0.1,30,83,1.285908,1.295489,1.455212
trajectoryToLearn/world_json/cinematic_db/handheld_subtle/handheld_subtle_027.json,handheld_subtle,120,12.0,0.1,30,83,1.218399,1.300567,2.06328
trajectoryToLearn/world_json/cinematic_db/crane_up/crane_up_032.json,crane_up,120,12.0,0.1,30,83,1.301789,1.302136,1.445002
trajectoryToLearn/world_json/cinematic_db/crane_up/crane_up_050.json,crane_up,120,12.0,0.1,30,83,1.305623,1.305623,1.503291
trajectoryToLearn/world_json/cinematic_db/crane_up/crane_up_001.json,crane_up,120,12.0,0.1,30,83,1.306573,1.306573,1.44921
trajectoryToLearn/world_json/cinematic_db/crane_down/crane_down_011.json,crane_down,120,12.0,0.1,30,83,1.309173,1.309633,1.436981
trajectoryToLearn/world_json/cinematic_db/crane_down/crane_down_088.json,crane_down,120,12.0,0.1,30,83,1.299103,1.312952,1.429721
trajectoryToLearn/world_json/cinematic_db/handheld_subtle/handheld_subtle_082.json,handheld_subtle,120,12.0,0.1,30,83,1.291729,1.319645,1.776748
trajectoryToLearn/world_json/cinematic_db/crane_up/crane_up_012.json,crane_up,120,12.0,0.1,30,83,1.319484,1.321816,1.461947
trajectoryToLearn/world_json/cinematic_db/crane_up/crane_up_049.json,crane_up,120,12.0,0.1,30,83,1.319732,1.322407,1.448474
trajectoryToLearn/world_json/cinematic_db/handheld_subtle/handheld_subtle_011.json,handheld_subtle,120,12.0,0.1,30,83,1.257599,1.334724,1.915166
trajectoryToLearn/world_json/cinematic_db/handheld_subtle/handheld_subtle_052.json,handheld_subtle,120,12.0,0.1,30,83,1.123244,1.335891,2.837973
trajectoryToLearn/world_json/cinematic_db/crane_up/crane_up_096.json,crane_up,120,12.0,0.1,30,83,1.331884,1.337984,1.413774
trajectoryToLearn/world_json/cinematic_db/crane_up/crane_up_039.json,crane_up,120,12.0,0.1,30,83,1.346003,1.346003,1.396324
trajectoryToLearn/world_json/cinematic_db/handheld_subtle/handheld_subtle_070.json,handheld_subtle,120,12.0,0.1,30,83,1.055664,1.346743,2.920189
trajectoryToLearn/world_json/cinematic_db/handheld_subtle/handheld_subtle_007.json,handheld_subtle,120,12.0,0.1,30,83,1.25318,1.348478,2.584169
trajectoryToLearn/world_json/cinematic_db/handheld_subtle/handheld_subtle_002.json,handheld_subtle,120,12.0,0.1,30,83,1.155149,1.349776,2.652967
trajectoryToLearn/world_json/cinematic_db/handheld_subtle/handheld_subtle_008.json,handheld_subtle,120,12.0,0.1,30,83,1.153142,1.350047,2.78899
trajectoryToLearn/world_json/cinematic_db/handheld_subtle/handheld_subtle_046.json,handheld_subtle,120,12.0,0.1,30,83,0.840994,1.354855,3.499136
trajectoryToLearn/world_json/cinematic_db/handheld_subtle/handheld_subtle_081.json,handheld_subtle,120,12.0,0.1,30,83,1.257814,1.356989,2.423903
trajectoryToLearn/world_json/cinematic_db/crane_down/crane_down_085.json,crane_down,120,12.0,0.1,30,83,1.357283,1.357574,1.434034
trajectoryToLearn/world_json/cinematic_db/crane_up/crane_up_073.json,crane_up,120,12.0,0.1,30,83,1.352208,1.364231,1.493876
trajectoryToLearn/world_json/cinematic_db/crane_up/crane_up_038.json,crane_up,120,12.0,0.1,30,83,1.364609,1.365854,1.4724
trajectoryToLearn/world_json/cinematic_db/handheld_subtle/handheld_subtle_044.json,handheld_subtle,120,12.0,0.1,30,83,1.050548,1.366431,2.801123
trajectoryToLearn/world_json/cinematic_db/handheld_subtle/handheld_subtle_097.json,handheld_subtle,120,12.0,0.1,30,83,1.203527,1.370482,3.12129
trajectoryToLearn/world_json/cinematic_db/handheld_subtle/handheld_subtle_022.json,handheld_subtle,120,12.0,0.1,30,83,0.957843,1.370856,2.354329
trajectoryToLearn/world_json/cinematic_db/crane_up/crane_up_011.json,crane_up,120,12.0,0.1,30,83,1.366005,1.372055,1.447022
trajectoryToLearn/world_json/cinematic_db/crane_down/crane_down_095.json,crane_down,120,12.0,0.1,30,83,1.371583,1.378156,1.453952
trajectoryToLearn/world_json/cinematic_db/crane_up/crane_up_016.json,crane_up,120,12.0,0.1,30,83,1.377039,1.383329,1.491932
trajectoryToLearn/world_json/cinematic_db/handheld_subtle/handheld_subtle_090.json,handheld_subtle,120,12.0,0.1,30,83,1.236443,1.384459,2.484583
trajectoryToLearn/world_json/cinematic_db/handheld_subtle/handheld_subtle_065.json,handheld_subtle,120,12.0,0.1,30,83,1.269764,1.385348,2.197147
trajectoryToLearn/world_json/cinematic_db/crane_down/crane_down_004.json,crane_down,120,12.0,0.1,30,83,1.37763,1.387859,1.549048
trajectoryToLearn/world_json/cinematic_db/crane_down/crane_down_081.json,crane_down,120,12.0,0.1,30,83,1.388791,1.393436,1.536602
trajectoryToLearn/world_json/cinematic_db/handheld_subtle/handheld_subtle_076.json,handheld_subtle,120,12.0,0.1,30,83,1.304662,1.39894,2.270401
trajectoryToLearn/world_json/cinematic_db/handheld_subtle/handheld_subtle_064.json,handheld_subtle,120,12.0,0.1,30,83,1.304039,1.399783,2.038088
trajectoryToLearn/world_json/cinematic_db/handheld_subtle/handheld_subtle_045.json,handheld_subtle,120,12.0,0.1,30,83,1.026239,1.403582,3.06715
trajectoryToLearn/world_json/cinematic_db/crane_down/crane_down_062.json,crane_down,120,12.0,0.1,30,83,1.405511,1.405511,1.501877
trajectoryToLearn/world_json/cinematic_db/handheld_subtle/handheld_subtle_077.json,handheld_subtle,120,12.0,0.1,30,83,1.293537,1.406014,2.64485
trajectoryToLearn/world_json/cinematic_db/crane_up/crane_up_061.json,crane_up,120,12.0,0.1,30,83,1.397079,1.406813,1.556981
trajectoryToLearn/world_json/cinematic_db/handheld_subtle/handheld_subtle_075.json,handheld_subtle,120,12.0,0.1,30,83,1.231907,1.412619,2.170539
trajectoryToLearn/world_json/cinematic_db/crane_down/crane_down_042.json,crane_down,120,12.0,0.1,30,83,1.405735,1.415964,1.530013
trajectoryToLearn/world_json/cinematic_db/crane_down/crane_down_009.json,crane_down,120,12.0,0.1,30,83,1.426945,1.431333,1.53118
trajectoryToLearn/world_json/cinematic_db/handheld_subtle/handheld_subtle_061.json,handheld_subtle,120,12.0,0.1,30,83,1.229122,1.436087,3.06176
trajectoryToLearn/world_json/cinematic_db/handheld_subtle/handheld_subtle_031.json,handheld_subtle,120,12.0,0.1,30,83,1.315291,1.437108,2.600895
trajectoryToLearn/world_json/cinematic_db/handheld_subtle/handheld_subtle_013.json,handheld_subtle,120,12.0,0.1,30,83,1.270071,1.440448,2.43117
trajectoryToLearn/world_json/cinematic_db/crane_down/crane_down_096.json,crane_down,120,12.0,0.1,30,83,1.440176,1.440815,1.573616
trajectoryToLearn/world_json/cinematic_db/crane_down/crane_down_057.json,crane_down,120,12.0,0.1,30,83,1.441069,1.451141,1.529495
trajectoryToLearn/world_json/cinematic_db/crane_down/crane_down_069.json,crane_down,120,12.0,0.1,30,83,1.436962,1.451168,1.538399
trajectoryToLearn/world_json/cinematic_db/handheld_subtle/handheld_subtle_054.json,handheld_subtle,120,12.0,0.1,30,83,0.767676,1.453282,3.702649
trajectoryToLearn/world_json/cinematic_db/crane_down/crane_down_024.json,crane_down,120,12.0,0.1,30,83,1.454861,1.454861,1.592435
trajectoryToLearn/world_json/cinematic_db/crane_up/crane_up_034.json,crane_up,120,12.0,0.1,30,83,1.462851,1.466203,1.560769
trajectoryToLearn/world_json/cinematic_db/crane_up/crane_up_015.json,crane_up,120,12.0,0.1,30,83,1.465976,1.466296,1.606401
trajectoryToLearn/world_json/cinematic_db/crane_down/crane_down_043.json,crane_down,120,12.0,0.1,30,83,1.473378,1.473378,1.526492
trajectoryToLearn/world_json/cinematic_db/crane_up/crane_up_045.json,crane_up,120,12.0,0.1,30,83,1.473827,1.476172,1.623707
trajectoryToLearn/world_json/cinematic_db/crane_up/crane_up_078.json,crane_up,120,12.0,0.1,30,83,1.481167,1.486078,1.592397
trajectoryToLearn/world_json/cinematic_db/crane_up/crane_up_062.json,crane_up,120,12.0,0.1,30,83,1.469951,1.490271,1.616308
trajectoryToLearn/world_json/cinematic_db/crane_down/crane_down_035.json,crane_down,120,12.0,0.1,30,83,1.478607,1.490447,1.578267
trajectoryToLearn/world_json/scene_3/retreat_traj_1_y_scaled.json,scene_3,120,12.0,0.1,30,83,1.5,1.5,2.635622
trajectoryToLearn/world_json/cinematic_db/dolly_pull_out/dolly_pull_out_035.json,dolly_pull_out,120,12.0,0.1,30,83,1.500455,1.501294,1.562639
trajectoryToLearn/world_json/cinematic_db/dolly_pull_out/dolly_pull_out_028.json,dolly_pull_out,120,12.0,0.1,30,83,1.500024,1.501446,1.588691
trajectoryToLearn/world_json/cinematic_db/dolly_pull_out/dolly_pull_out_015.json,dolly_pull_out,120,12.0,0.1,30,83,1.500145,1.502083,1.704347
trajectoryToLearn/world_json/cinematic_db/dolly_pull_out/dolly_pull_out_005.json,dolly_pull_out,120,12.0,0.1,30,83,1.501006,1.502617,1.662304
trajectoryToLearn/world_json/cinematic_db/dolly_pull_out/dolly_pull_out_042.json,dolly_pull_out,120,12.0,0.1,30,83,1.501045,1.50294,1.651636
trajectoryToLearn/world_json/cinematic_db/dolly_pull_out/dolly_pull_out_068.json,dolly_pull_out,120,12.0,0.1,30,83,1.500598,1.502959,1.612938
trajectoryToLearn/world_json/scene_3/retreat_traj_4.json,scene_3,120,12.0,0.1,30,83,1.5,1.503329,1.771465
trajectoryToLearn/world_json/scene_3/retreat_traj_2.json,scene_3,120,12.0,0.1,30,83,1.5,1.503329,1.767482
trajectoryToLearn/world_json/scene_3/retreat_traj_1.json,scene_3,120,12.0,0.1,30,83,1.5,1.503329,1.771355
trajectoryToLearn/world_json/scene_3/retreat_traj_3.json,scene_3,120,12.0,0.1,30,83,1.5,1.503329,1.767537
trajectoryToLearn/world_json/cinematic_db/dolly_pull_out/dolly_pull_out_083.json,dolly_pull_out,120,12.0,0.1,30,83,1.500056,1.503355,1.791819
trajectoryToLearn/world_json/scene_3/retreat_traj_6.json,scene_3,120,12.0,0.1,30,83,1.5,1.503624,1.774431
trajectoryToLearn/world_json/cinematic_db/dolly_pull_out/dolly_pull_out_057.json,dolly_pull_out,120,12.0,0.1,30,83,1.500001,1.503682,1.697081
trajectoryToLearn/world_json/cinematic_db/dolly_pull_out/dolly_pull_out_018.json,dolly_pull_out,120,12.0,0.1,30,83,1.501705,1.504504,1.629357
trajectoryToLearn/world_json/scene_3/retreat_traj_5.json,scene_3,120,12.0,0.1,30,83,1.5,1.504544,1.791574
trajectoryToLearn/world_json/cinematic_db/dolly_pull_out/dolly_pull_out_036.json,dolly_pull_out,120,12.0,0.1,30,83,1.500453,1.504571,1.721213
trajectoryToLearn/world_json/cinematic_db/dolly_pull_out/dolly_pull_out_046.json,dolly_pull_out,120,12.0,0.1,30,83,1.500072,1.504601,1.723718
trajectoryToLearn/world_json/scene_3/retreat_traj_9.json,scene_3,120,12.0,0.1,30,83,1.5,1.504756,1.794227
trajectoryToLearn/world_json/cinematic_db/dolly_pull_out/dolly_pull_out_003.json,dolly_pull_out,120,12.0,0.1,30,83,1.504751,1.504825,1.804998
trajectoryToLearn/world_json/scene_3/retreat_traj_7.json,scene_3,120,12.0,0.1,30,83,1.5,1.504985,1.796385
trajectoryToLearn/world_json/cinematic_db/dolly_pull_out/dolly_pull_out_077.json,dolly_pull_out,120,12.0,0.1,30,83,1.500144,1.505037,1.711655
trajectoryToLearn/world_json/scene_3/retreat_traj_8.json,scene_3,120,12.0,0.1,30,83,1.5,1.505483,1.793436
trajectoryToLearn/world_json/cinematic_db/dolly_pull_out/dolly_pull_out_014.json,dolly_pull_out,120,12.0,0.1,30,83,1.502862,1.505748,1.718435
trajectoryToLearn/world_json/cinematic_db/dolly_pull_out/dolly_pull_out_082.json,dolly_pull_out,120,12.0,0.1,30,83,1.500534,1.50576,1.856888
trajectoryToLearn/world_json/cinematic_db/dolly_pull_out/dolly_pull_out_072.json,dolly_pull_out,120,12.0,0.1,30,83,1.50033,1.505779,1.673321
trajectoryToLearn/world_json/cinematic_db/dolly_pull_out/dolly_pull_out_061.json,dolly_pull_out,120,12.0,0.1,30,83,1.50242,1.506033,1.770257
trajectoryToLearn/world_json/cinematic_db/handheld_subtle/handheld_subtle_086.json,handheld_subtle,120,12.0,0.1,30,83,0.66134,1.506869,3.389224
trajectoryToLearn/world_json/scene_3/retreat_traj_10.json,scene_3,120,12.0,0.1,30,83,1.5,1.507615,1.798822
trajectoryToLearn/world_json/cinematic_db/dolly_pull_out/dolly_pull_out_013.json,dolly_pull_out,120,12.0,0.1,30,83,1.500456,1.507821,1.692586
trajectoryToLearn/world_json/cinematic_db/dolly_pull_out/dolly_pull_out_066.json,dolly_pull_out,120,12.0,0.1,30,83,1.501643,1.507891,1.718014
trajectoryToLearn/world_json/cinematic_db/dolly_pull_out/dolly_pull_out_052.json,dolly_pull_out,120,12.0,0.1,30,83,1.5,1.50829,1.736422
trajectoryToLearn/world_json/cinematic_db/dolly_pull_out/dolly_pull_out_053.json,dolly_pull_out,120,12.0,0.1,30,83,1.500039,1.508339,1.798973
trajectoryToLearn/world_json/cinematic_db/dolly_pull_out/dolly_pull_out_033.json,dolly_pull_out,120,12.0,0.1,30,83,1.500004,1.508386,1.769943
trajectoryToLearn/world_json/cinematic_db/dolly_pull_out/dolly_pull_out_011.json,dolly_pull_out,120,12.0,0.1,30,83,1.508129,1.508435,1.812759
trajectoryToLearn/world_json/cinematic_db/dolly_pull_out/dolly_pull_out_084.json,dolly_pull_out,120,12.0,0.1,30,83,1.500344,1.508637,1.692693
trajectoryToLearn/world_json/cinematic_db/dolly_pull_out/dolly_pull_out_060.json,dolly_pull_out,120,12.0,0.1,30,83,1.502209,1.508663,1.790897
trajectoryToLearn/world_json/cinematic_db/dolly_pull_out/dolly_pull_out_038.json,dolly_pull_out,120,12.0,0.1,30,83,1.508743,1.508743,1.607255
trajectoryToLearn/world_json/cinematic_db/dolly_pull_out/dolly_pull_out_032.json,dolly_pull_out,120,12.0,0.1,30,83,1.505601,1.508825,1.803192
trajectoryToLearn/world_json/cinematic_db/dolly_pull_out/dolly_pull_out_001.json,dolly_pull_out,120,12.0,0.1,30,83,1.500086,1.50887,1.80095
trajectoryToLearn/world_json/cinematic_db/dolly_pull_out/dolly_pull_out_094.json,dolly_pull_out,120,12.0,0.1,30,83,1.503939,1.509433,1.703993
trajectoryToLearn/world_json/cinematic_db/dolly_pull_out/dolly_pull_out_058.json,dolly_pull_out,120,12.0,0.1,30,83,1.500003,1.50955,1.848261
trajectoryToLearn/world_json/cinematic_db/dolly_pull_out/dolly_pull_out_059.json,dolly_pull_out,120,12.0,0.1,30,83,1.500693,1.509888,1.829649
trajectoryToLearn/world_json/cinematic_db/dolly_pull_out/dolly_pull_out_023.json,dolly_pull_out,120,12.0,0.1,30,83,1.501055,1.510034,1.688108
trajectoryToLearn/world_json/cinematic_db/dolly_pull_out/dolly_pull_out_086.json,dolly_pull_out,120,12.0,0.1,30,83,1.502514,1.510127,1.673531
trajectoryToLearn/world_json/cinematic_db/dolly_pull_out/dolly_pull_out_078.json,dolly_pull_out,120,12.0,0.1,30,83,1.501868,1.510159,1.82078
trajectoryToLearn/world_json/cinematic_db/dolly_pull_out/dolly_pull_out_002.json,dolly_pull_out,120,12.0,0.1,30,83,1.503956,1.510331,1.744862
trajectoryToLearn/world_json/cinematic_db/handheld_subtle/handheld_subtle_080.json,handheld_subtle,120,12.0,0.1,30,83,1.126463,1.510505,2.92964
trajectoryToLearn/world_json/cinematic_db/dolly_pull_out/dolly_pull_out_079.json,dolly_pull_out,120,12.0,0.1,30,83,1.506552,1.510563,1.665273
trajectoryToLearn/world_json/cinematic_db/dolly_pull_out/dolly_pull_out_010.json,dolly_pull_out,120,12.0,0.1,30,83,1.509232,1.510716,1.73249
trajectoryToLearn/world_json/cinematic_db/dolly_pull_out/dolly_pull_out_007.json,dolly_pull_out,120,12.0,0.1,30,83,1.505044,1.51078,1.718931
trajectoryToLearn/world_json/cinematic_db/dolly_pull_out/dolly_pull_out_050.json,dolly_pull_out,120,12.0,0.1,30,83,1.500014,1.510891,1.897369
trajectoryToLearn/world_json/cinematic_db/dolly_pull_out/dolly_pull_out_020.json,dolly_pull_out,120,12.0,0.1,30,83,1.50341,1.511155,1.764732
trajectoryToLearn/world_json/cinematic_db/dolly_pull_out/dolly_pull_out_043.json,dolly_pull_out,120,12.0,0.1,30,83,1.50877,1.511189,1.693708
trajectoryToLearn/world_json/cinematic_db/dolly_pull_out/dolly_pull_out_074.json,dolly_pull_out,120,12.0,0.1,30,83,1.500025,1.511201,1.804897
trajectoryToLearn/world_json/cinematic_db/dolly_pull_out/dolly_pull_out_016.json,dolly_pull_out,120,12.0,0.1,30,83,1.509185,1.511611,1.705882
trajectoryToLearn/world_json/cinematic_db/dolly_pull_out/dolly_pull_out_045.json,dolly_pull_out,120,12.0,0.1,30,83,1.502897,1.511632,1.739832
trajectoryToLearn/world_json/cinematic_db/dolly_pull_out/dolly_pull_out_091.json,dolly_pull_out,120,12.0,0.1,30,83,1.509914,1.511755,1.837085
trajectoryToLearn/world_json/cinematic_db/dolly_pull_out/dolly_pull_out_099.json,dolly_pull_out,120,12.0,0.1,30,83,1.50041,1.511771,1.739448
trajectoryToLearn/world_json/cinematic_db/dolly_pull_out/dolly_pull_out_031.json,dolly_pull_out,120,12.0,0.1,30,83,1.505335,1.511997,1.695817
trajectoryToLearn/world_json/cinematic_db/dolly_pull_out/dolly_pull_out_047.json,dolly_pull_out,120,12.0,0.1,30,83,1.509982,1.512001,1.778107
trajectoryToLearn/world_json/cinematic_db/dolly_pull_out/dolly_pull_out_070.json,dolly_pull_out,120,12.0,0.1,30,83,1.503204,1.512044,1.668172
trajectoryToLearn/world_json/cinematic_db/dolly_pull_out/dolly_pull_out_024.json,dolly_pull_out,120,12.0,0.1,30,83,1.507551,1.512246,1.8126
trajectoryToLearn/world_json/cinematic_db/dolly_pull_out/dolly_pull_out_055.json,dolly_pull_out,120,12.0,0.1,30,83,1.511671,1.512658,1.700008
trajectoryToLearn/world_json/cinematic_db/dolly_pull_out/dolly_pull_out_069.json,dolly_pull_out,120,12.0,0.1,30,83,1.506634,1.512731,1.741388
trajectoryToLearn/world_json/scene_1/traj_2.json,scene_1,300,30.0,0.1,75,209,1.5,1.513274,1.933063
trajectoryToLearn/world_json/scene_1/traj_8.json,scene_1,300,30.0,0.1,75,209,1.5,1.513274,1.962658
trajectoryToLearn/world_json/scene_1/traj_1.json,scene_1,300,30.0,0.1,75,209,1.5,1.513274,1.917573
trajectoryToLearn/world_json/scene_1/traj_9.json,scene_1,300,30.0,0.1,75,209,1.5,1.513274,1.950039
trajectoryToLearn/world_json/scene_1/traj_7.json,scene_1,300,30.0,0.1,75,209,1.5,1.513274,1.952193
trajectoryToLearn/world_json/scene_1/traj_5.json,scene_1,300,30.0,0.1,75,209,1.5,1.513274,1.958757
trajectoryToLearn/world_json/cinematic_db/dolly_pull_out/dolly_pull_out_049.json,dolly_pull_out,120,12.0,0.1,30,83,1.512446,1.513512,1.723068
trajectoryToLearn/world_json/cinematic_db/dolly_pull_out/dolly_pull_out_081.json,dolly_pull_out,120,12.0,0.1,30,83,1.500033,1.513748,1.870218
trajectoryToLearn/world_json/cinematic_db/dolly_pull_out/dolly_pull_out_026.json,dolly_pull_out,120,12.0,0.1,30,83,1.504168,1.513768,1.73886
trajectoryToLearn/world_json/cinematic_db/dolly_pull_out/dolly_pull_out_037.json,dolly_pull_out,120,12.0,0.1,30,83,1.501889,1.513852,1.779803
trajectoryToLearn/world_json/cinematic_db/crane_up/crane_up_053.json,crane_up,120,12.0,0.1,30,83,1.514225,1.514225,1.66416
trajectoryToLearn/world_json/cinematic_db/dolly_pull_out/dolly_pull_out_027.json,dolly_pull_out,120,12.0,0.1,30,83,1.502573,1.514579,1.779152
trajectoryToLearn/world_json/cinematic_db/dolly_pull_out/dolly_pull_out_022.json,dolly_pull_out,120,12.0,0.1,30,83,1.500067,1.514993,1.766804
trajectoryToLearn/world_json/cinematic_db/dolly_pull_out/dolly_pull_out_056.json,dolly_pull_out,120,12.0,0.1,30,83,1.500035,1.515114,1.854349
trajectoryToLearn/world_json/cinematic_db/dolly_pull_out/dolly_pull_out_071.json,dolly_pull_out,120,12.0,0.1,30,83,1.508568,1.515507,1.811256
trajectoryToLearn/world_json/cinematic_db/dolly_pull_out/dolly_pull_out_000.json,dolly_pull_out,120,12.0,0.1,30,83,1.500595,1.515709,1.781761
trajectoryToLearn/world_json/cinematic_db/crane_down/crane_down_070.json,crane_down,120,12.0,0.1,30,83,1.499579,1.515802,1.680262
trajectoryToLearn/world_json/cinematic_db/dolly_pull_out/dolly_pull_out_021.json,dolly_pull_out,120,12.0,0.1,30,83,1.503904,1.51614,1.826487
trajectoryToLearn/world_json/cinematic_db/dolly_pull_out/dolly_pull_out_034.json,dolly_pull_out,120,12.0,0.1,30,83,1.511948,1.516485,1.838214
trajectoryToLearn/world_json/cinematic_db/dolly_pull_out/dolly_pull_out_062.json,dolly_pull_out,120,12.0,0.1,30,83,1.502772,1.516533,1.868766
trajectoryToLearn/world_json/cinematic_db/dolly_pull_out/dolly_pull_out_029.json,dolly_pull_out,120,12.0,0.1,30,83,1.508622,1.51675,1.768084
trajectoryToLearn/world_json/cinematic_db/dolly_pull_out/dolly_pull_out_054.json,dolly_pull_out,120,12.0,0.1,30,83,1.509279,1.516964,1.827638
trajectoryToLearn/world_json/cinematic_db/dolly_pull_out/dolly_pull_out_064.json,dolly_pull_out,120,12.0,0.1,30,83,1.516334,1.516965,1.749394
trajectoryToLearn/world_json/cinematic_db/dolly_pull_out/dolly_pull_out_019.json,dolly_pull_out,120,12.0,0.1,30,83,1.502541,1.517122,1.947304
trajectoryToLearn/world_json/cinematic_db/crane_down/crane_down_008.json,crane_down,120,12.0,0.1,30,83,1.515223,1.517133,1.606777
trajectoryToLearn/world_json/cinematic_db/dolly_pull_out/dolly_pull_out_075.json,dolly_pull_out,120,12.0,0.1,30,83,1.516276,1.517993,1.827809
trajectoryToLearn/world_json/cinematic_db/dolly_pull_out/dolly_pull_out_006.json,dolly_pull_out,120,12.0,0.1,30,83,1.51652,1.517999,1.750167
trajectoryToLearn/world_json/cinematic_db/dolly_pull_out/dolly_pull_out_012.json,dolly_pull_out,120,12.0,0.1,30,83,1.517031,1.518745,1.770699
trajectoryToLearn/world_json/cinematic_db/dolly_pull_out/dolly_pull_out_040.json,dolly_pull_out,120,12.0,0.1,30,83,1.506275,1.518785,1.889052
trajectoryToLearn/world_json/cinematic_db/dolly_pull_out/dolly_pull_out_096.json,dolly_pull_out,120,12.0,0.1,30,83,1.512347,1.519219,1.748507
trajectoryToLearn/world_json/cinematic_db/dolly_pull_out/dolly_pull_out_090.json,dolly_pull_out,120,12.0,0.1,30,83,1.50077,1.51933,1.851675
trajectoryToLearn/world_json/cinematic_db/dolly_pull_out/dolly_pull_out_097.json,dolly_pull_out,120,12.0,0.1,30,83,1.500602,1.519345,1.855831
trajectoryToLearn/world_json/cinematic_db/dolly_pull_out/dolly_pull_out_044.json,dolly_pull_out,120,12.0,0.1,30,83,1.500462,1.519582,1.898155
trajectoryToLearn/world_json/cinematic_db/handheld_subtle/handheld_subtle_085.json,handheld_subtle,120,12.0,0.1,30,83,1.185049,1.520145,2.630212
trajectoryToLearn/world_json/cinematic_db/dolly_pull_out/dolly_pull_out_051.json,dolly_pull_out,120,12.0,0.1,30,83,1.507283,1.520381,1.766072
trajectoryToLearn/world_json/cinematic_db/dolly_pull_out/dolly_pull_out_017.json,dolly_pull_out,120,12.0,0.1,30,83,1.519786,1.520811,1.819955
trajectoryToLearn/world_json/cinematic_db/dolly_pull_out/dolly_pull_out_065.json,dolly_pull_out,120,12.0,0.1,30,83,1.505356,1.521059,1.787987
trajectoryToLearn/world_json/cinematic_db/dolly_pull_out/dolly_pull_out_041.json,dolly_pull_out,120,12.0,0.1,30,83,1.512997,1.521386,1.795111
trajectoryToLearn/world_json/cinematic_db/dolly_pull_out/dolly_pull_out_085.json,dolly_pull_out,120,12.0,0.1,30,83,1.50929,1.522839,1.769707
trajectoryToLearn/world_json/cinematic_db/dolly_pull_out/dolly_pull_out_093.json,dolly_pull_out,120,12.0,0.1,30,83,1.500421,1.523263,1.925847
trajectoryToLearn/world_json/cinematic_db/crane_up/crane_up_030.json,crane_up,120,12.0,0.1,30,83,1.518555,1.523353,1.573852
trajectoryToLearn/world_json/cinematic_db/dolly_pull_out/dolly_pull_out_095.json,dolly_pull_out,120,12.0,0.1,30,83,1.501884,1.523601,1.920349
trajectoryToLearn/world_json/cinematic_db/dolly_pull_out/dolly_pull_out_039.json,dolly_pull_out,120,12.0,0.1,30,83,1.500317,1.523741,1.950437
trajectoryToLearn/world_json/cinematic_db/dolly_pull_out/dolly_pull_out_088.json,dolly_pull_out,120,12.0,0.1,30,83,1.507012,1.524099,1.817205
trajectoryToLearn/world_json/cinematic_db/dolly_pull_out/dolly_pull_out_098.json,dolly_pull_out,120,12.0,0.1,30,83,1.500922,1.52424,1.846595
trajectoryToLearn/world_json/cinematic_db/dolly_pull_out/dolly_pull_out_087.json,dolly_pull_out,120,12.0,0.1,30,83,1.500031,1.524768,1.873535
trajectoryToLearn/world_json/cinematic_db/dolly_pull_out/dolly_pull_out_025.json,dolly_pull_out,120,12.0,0.1,30,83,1.513155,1.525049,1.835593
trajectoryToLearn/world_json/cinematic_db/dolly_pull_out/dolly_pull_out_009.json,dolly_pull_out,120,12.0,0.1,30,83,1.520937,1.525051,1.770325
trajectoryToLearn/world_json/cinematic_db/dolly_pull_out/dolly_pull_out_067.json,dolly_pull_out,120,12.0,0.1,30,83,1.509827,1.526959,1.896916
trajectoryToLearn/world_json/cinematic_db/dolly_pull_out/dolly_pull_out_073.json,dolly_pull_out,120,12.0,0.1,30,83,1.504839,1.527271,1.815387
trajectoryToLearn/world_json/cinematic_db/dolly_pull_out/dolly_pull_out_092.json,dolly_pull_out,120,12.0,0.1,30,83,1.515346,1.52729,1.789979
trajectoryToLearn/world_json/cinematic_db/dolly_pull_out/dolly_pull_out_063.json,dolly_pull_out,120,12.0,0.1,30,83,1.513729,1.528859,1.866608
trajectoryToLearn/world_json/cinematic_db/dolly_pull_out/dolly_pull_out_089.json,dolly_pull_out,120,12.0,0.1,30,83,1.500066,1.529619,2.02134
